position,episode_name,series_name,episode_number,airdate,duration,tv_rating,episode_rating,votes
1,Everyone's Waiting,Six Feet Under,S5.E12,2001–2005,1h 13m,TV-MA,9.9,(19K)
2,The View from Halfway Down,BoJack Horseman,S6.E15,2014–2020,26m,TV-MA,9.9,(33K)
3,End of the Prologue,Vinland Saga,S1.E24,2019–2023,24m,TV-MA,9.9,(42K)
4,"Sozin's Comet, Part 4: Avatar Aang",Avatar: The Last Airbender,S3.E21,2005–2008,21m,TV-Y7,9.9,(27K)
5,Plan and Execution,Better Call Saul,S6.E7,2015–2022,50m,TV-14,9.9,(87K)
6,Re;,Code Geass: Lelouch of the Rebellion,S2.E25,2006–2008,24m,TV-14,9.9,(20K)
7,The Rains of Castamere,Game of Thrones,S3.E9,2011–2019,51m,TV-MA,9.9,(183K)
8,I Thought You'd Never Shut Up,Invincible,S3.E8,2021– ,46m,TV-MA,9.9,(99K)
9,Don't Do Anything Rash,Invincible,S4.E7,2021– ,53m,TV-MA,9.9,(51K)
10,Re:Zero kara Hajimaru Isekai Seikatsu,Re: Zero - Starting Life in Another World,S4.E11,2016– ,,,9.9,(64K)
11,Omae wa Dare da,Re: Zero - Starting Life in Another World,S4.E8,2016– ,,,9.9,(45K)
12,Battle of the Bastards,Game of Thrones,S6.E9,2011–2019,,TV-MA,9.9,(309K)
13,The Winds of Winter,Game of Thrones,S6.E10,2011–2019,1h 8m,TV-MA,9.9,(228K)
14,A Regular Epic Final Battle,Regular Show,S8.E27,2010–2017,33m,TV-PG,9.9,(9.4K)
15,407 Proxy Authentication Required,Mr. Robot,S4.E7,2015–2019,56m,TV-MA,9.9,(47K)
16,Victory and Death,Star Wars: The Clone Wars,S7.E12,2008–2020,23m,TV-PG,9.9,(25K)
17,The Secret Box/Band Geeks,SpongeBob SquarePants,S2.E15,1999– ,23m,,9.8,(7.6K)
18,Blink,Doctor Who,S3.E10,2005–2022,45m,TV-PG,9.8,(28K)
19,Midnight Sun,Attack on Titan,S3.E18,2013–2023,24m,TV-MA,9.8,(96K)
20,That Day,Attack on Titan,S3.E20,2013–2023,24m,TV-MA,9.8,(76K)
21,"Hello, Elliot",Mr. Robot,S4.E13,2015–2019,51m,TV-MA,9.8,(31K)
22,Saul Gone,Better Call Saul,S6.E13,2015–2022,1h 9m,TV-14,9.8,(79K)
23,"Sozin's Comet, Part 3: Into the Inferno",Avatar: The Last Airbender,S3.E20,2005–2008,22m,TV-Y7,9.8,(16K)
24,Point and Shoot,Better Call Saul,S6.E8,2015–2022,50m,TV-14,9.8,(57K)
25,The Great End,Tomorrow's Joe,S2.E47,1970–1981,24m,,9.8,(2.3K)
26,Chapter 16: The Rescue,The Mandalorian,S2.E8,2019–2023,44m,TV-14,9.8,(68K)
27,Nakama no Itami wa Waga Itami: Zoro Kesshi no Tatakai,One Piece,S1.E377,1999– ,24m,TV-14,9.8,(67K)
28,Declaration of War,Attack on Titan,S4.E5,2013–2023,24m,TV-14,9.8,(104K)
29,Daichi no hate,Clannad,S2.E18,2007–2009,24m,TV-PG,9.8,(4.3K)
30,The War Hammer Titan,Attack on Titan,S4.E6,2013–2023,24m,TV-14,9.8,(104K)
31,Assault,Attack on Titan,S4.E7,2013–2023,24m,TV-MA,9.8,(131K)
32,Black Oath,Black Clover,S4.E13,2017–2021,24m,,9.8,(7.5K)
33,The Getaway,Dexter,S4.E12,2006–2013,51m,TV-MA,9.8,(44K)
34,Kiesareta Nakama-tachi: Mugiwara Ichimi Saigo no Hi,One Piece,S1.E405,1999– ,24m,TV-14,9.8,(57K)
35,Modern Warfare,Community,S1.E23,2009–2015,20m,TV-PG,9.8,(17K)
36,Face Off,Breaking Bad,S4.E13,2008–2013,50m,TV-14,9.8,(157K)
37,Memories of the Future,Attack on Titan,S4.E20,2013–2023,24m,TV-14,9.8,(106K)
38,Never Give Up,Demon Slayer: Kimetsu no Yaiba,S2.E17,2019–2024,24m,TV-MA,9.8,(32K)
39,"From You, 2000 Years Ago",Attack on Titan,S4.E21,2013–2023,24m,TV-MA,9.8,(103K)
40,Kejime o Tsukeru: Shirohige vs Kurohige Kaizokudan,One Piece,S1.E485,1999– ,24m,TV-14,9.8,(60K)
41,"Goodbye, Michael",The Office,S7.E22,2005–2013,30m,TV-PG,9.8,(22K)
42,The King,Fighting Spirit: New Challenger,S1.E24,,23m,,9.8,(1.4K)
43,Remedial Chaos Theory,Community,S3.E4,2009–2015,22m,TV-PG,9.8,(15K)
44,"Dual Confessions, Part 2/The Shuchiin Afterparty",Kaguya-sama: Love Is War,S3.E13,2019–2023,25m,TV-14,9.8,(5.8K)
45,Connor's Wedding,Succession,S4.E3,2018–2023,1h 2m,TV-MA,9.8,(45K)
46,Felina,Breaking Bad,S5.E16,2008–2013,55m,TV-14,9.8,(292K)
47,Ghosts Aren't the Only Ones Who Run Wild Around Graveyards,Gintama,S2.E10,2005–2021,24m,TV-14,9.8,(3.8K)
48,Maiden Heaven: Part 2,JoJo's Bizarre Adventure,S5.E37,2012– ,25m,TV-14,9.8,(4.9K)
49,It's a Wonderful World,JoJo's Bizarre Adventure,S5.E38,2012– ,25m,TV-14,9.8,(6K)
50,Finale,The Office,S9.E23,2005–2013,51m,TV-PG,9.8,(27K)
51,Weirdmageddon 4: Somewhere in the Woods,Gravity Falls,S2.E21,2012–2016,25m,TV-Y7,9.8,(7.8K)
52,The Sign,Bluey,S3.E49,2018– ,28m,TV-G,9.8,(5.7K)
53,A Step Further,Fighting Spirit,S1.E75,2000–2002,23m,,9.8,(2.2K)
54,Mizumono,Hannibal,S2.E13,2013–2015,44m,TV-14,9.8,(28K)
55,Zero × and × Rose,Hunter X Hunter,S1.E126,2011–2014,23m,TV-14,9.8,(18K)
56,Anger × and × Light,Hunter X Hunter,S1.E131,2011–2014,23m,TV-MA,9.8,(20K)
57,Kuma's Life,One Piece,S1.E1136,1999– ,24m,,9.8,(47K)
58,Charlie Work,It's Always Sunny in Philadelphia,S10.E4,2005– ,23m,TV-MA,9.8,(13K)
59,This Person × and × This Moment,Hunter X Hunter,S1.E135,2011–2014,23m,TV-14,9.8,(14K)
60,I'll Believe in Anything,Heated Rivalry,S1.E5,2025– ,55m,TV-MA,9.8,(75K)
61,The Cottage,Heated Rivalry,S1.E6,2025– ,52m,TV-MA,9.8,(48K)
62,The Final Boss!!,My Hero Academia,S8.E3,2016–2026,24m,,9.8,(21K)
63,Hardhome,Game of Thrones,S5.E8,2011–2019,1h 1m,TV-MA,9.8,(143K)
64,Quirk: Explosion!!,My Hero Academia,S8.E4,2016–2026,24m,,9.8,(17K)
65,Izuku Midoriya: Rising,My Hero Academia,S8.E8,2016–2026,24m,,9.8,(30K)
66,The Upheaval of an Era! The Color of the Supreme King That Leads Luffy,One Piece,S1.E1153,1999– ,,,9.8,(11K)
67,Sendai Colony,Jujutsu Kaisen,S3.E12,2020– ,27m,,9.8,(44K)
68,If-Then-Else,Person of Interest,S4.E11,2011–2016,43m,TV-14,9.8,(15K)
69,On a Bus,Dimension 20,S29.E1,2018– ,,,9.8,(1.6K)
70,Kanshi-tô no Bannin,Re: Zero - Starting Life in Another World,S4.E3,2016– ,,,9.8,(30K)
71,Zangai,Re: Zero - Starting Life in Another World,S4.E9,2016– ,,,9.8,(41K)
72,Satsujin wa Kuse ni Naru,Re: Zero - Starting Life in Another World,S4.E10,2016– ,,,9.8,(34K)
73,Not What He Seems,Gravity Falls,S2.E11,2012–2016,23m,TV-Y7,9.8,(11K)
74,Return 0,Person of Interest,S5.E13,2011–2016,43m,TV-14,9.8,(14K)
75,Spring Breeze,Your Lie in April,S1.E22,2014–2015,23m,,9.8,(6.6K)
76,The Magician Doesn't Return,Legend of the Galactic Heroes,S3.E28,1988–1997,27m,TV-MA,9.8,(3.5K)
77,Weirdmageddon 3: Take Back the Falls,Gravity Falls,S2.E20,2012–2016,44m,TV-Y7,9.8,(11K)
78,The Ricklantis Mixup,Rick and Morty,S3.E7,2013– ,22m,TV-14,9.8,(43K)
79,Those Who Protect Against All Odds,Gintama,S4.E39,2005–2021,24m,TV-14,9.8,(3.3K)
80,Twilight of the Apprentice: Part 2,Star Wars: Rebels,S2.E22,2014–2018,21m,TV-Y7,9.8,(10K)
81,Sworn Enemy,Gintama,S4.E40,2005–2021,24m,TV-14,9.8,(5.4K)
82,Karma,Gintama,S4.E49,2005–2021,24m,TV-14,9.8,(3.1K)
83,The Choices,The Amazing World of Gumball,S5.E6,2011–2019,11m,TV-PG,9.8,(4.1K)
84,Kyouki no Sotogawa,Re: Zero - Starting Life in Another World,S1.E15,2016– ,24m,,9.8,(24K)
85,Dream: To See It to the End,Legend of the Galactic Heroes,S4.E24,1988–1997,32m,TV-MA,9.8,(3.6K)
86,Robbie's Dream Team,LazyTown,S4.E12,2002–2014,23m,TV-Y7,9.8,(8.1K)
87,Time's Arrow,BoJack Horseman,S4.E11,2014–2020,25m,TV-MA,9.8,(20K)
88,Warrior,Attack on Titan,S2.E6,2013–2023,24m,TV-MA,9.8,(73K)
89,Loved Ones Will Always Watch Over You,Violet Evergarden,S1.E10,,24m,,9.8,(9.9K)
90,Come Along With Me,Adventure Time,S10.E13,2010–2018,44m,TV-PG,9.8,(6.4K)
91,Free Churro,BoJack Horseman,S5.E6,2014–2020,26m,TV-MA,9.8,(25K)
92,One For All,My Hero Academia,S3.E11,2016–2026,23m,TV-14,9.8,(16K)
93,Rinascimento of Image Formation -Return of Phoenix-,Steins;Gate 0,S1.E21,,,,9.8,(2.8K)
94,Vichnaya Pamyat,Chernobyl,S1.E5,,1h 12m,TV-MA,9.8,(73K)
95,The Phantom Apprentice,Star Wars: The Clone Wars,S7.E10,2008–2020,27m,,9.8,(21K)
96,Shattered,Star Wars: The Clone Wars,S7.E11,2008–2020,26m,TV-PG,9.8,(19K)
97,Where I Really Come From,Invincible,S1.E8,2021– ,45m,TV-MA,9.8,(41K)
98,Perfect Game,Attack on Titan,S3.E16,2013–2023,24m,TV-MA,9.8,(121K)
99,Yusha,Attack on Titan,S3.E17,2013–2023,24m,TV-MA,9.8,(167K)
100,Hush,Buffy the Vampire Slayer,S4.E10,1997–2003,43m,TV-PG,9.7,(9.9K)
101,"Once More, with Feeling",Buffy the Vampire Slayer,S6.E7,1997–2003,50m,TV-PG,9.7,(12K)
102,The Body,Buffy the Vampire Slayer,S5.E16,1997–2003,,TV-PG,9.7,(9.3K)
103,On the Beach,ER,S8.E21,1994–2009,,TV-14,9.7,(2.5K)
104,Papa's Got a Brand New Excuse,The Fresh Prince of Bel-Air,S4.E24,1990–1996,23m,TV-PG,9.7,(4.7K)
105,The One Where Everybody Finds Out,Friends,S5.E14,1994–2004,22m,TV-PG,9.7,(16K)
106,My Screwup,Scrubs,S3.E14,2001–2010,24m,TV-14,9.7,(6.8K)
107,All Alone,Six Feet Under,S5.E10,2001–2005,57m,TV-MA,9.7,(6.7K)
108,Long Term Parking,The Sopranos,S5.E12,1999–2007,57m,TV-MA,9.7,(16K)
109,Pine Barrens,The Sopranos,S3.E11,1999–2007,,TV-MA,9.7,(22K)
110,Two Cathedrals,The West Wing,S2.E22,1999–2006,43m,TV-14,9.7,(5.3K)
111,"With Tired Eyes, Tired Minds, Tired Souls, We Slept",One Tree Hill,S3.E16,2003–2012,44m,TV-14,9.7,(2.5K)
112,The Constant,Lost,S4.E5,2004–2010,43m,TV-14,9.7,(21K)
113,The Blue Comet,The Sopranos,S6.E20,1999–2007,51m,TV-MA,9.7,(14K)
114,Attack Titan,Attack on Titan,S3.E21,2013–2023,24m,TV-MA,9.7,(50K)
115,Beneath a Sky on the Verge of Falling,JoJo's Bizarre Adventure,S4.E28,2012– ,25m,TV-MA,9.7,(5K)
116,Luffy vs Usopp! Butsukaru Otoko no Iji,One Piece,S1.E236,1999– ,24m,TV-14,9.7,(11K)
117,Hinokami,Demon Slayer: Kimetsu no Yaiba,S1.E19,2019–2024,24m,TV-MA,9.7,(24K)
118,Ikitai to Ie! Oretachi wa Nakama da!!,One Piece,S1.E278,1999– ,24m,TV-14,9.7,(22K)
119,Kobushi ni Kometa Omoi! Luffy Konshin no Gatling,One Piece,S1.E309,1999– ,23m,TV-14,9.7,(23K)
120,Arigatou Merry! Yuki ni Kemuru Wakare no Umi,One Piece,S1.E312,1999– ,23m,TV-14,9.7,(23K)
121,Last 10 Seconds! A Perfect Conclusion,Slam Dunk,S1.E59,1993–1996,23m,TV-PG,9.7,(1.8K)
122,Julius Novachrono,Black Clover,S2.E42,2017–2021,24m,TV-14,9.7,(4.5K)
123,We Won't Lose to You,Black Clover,S2.E49,2017–2021,24m,TV-14,9.7,(3.5K)
124,Enter the Dragon,Warrior,S2.E9,2019–2023,57m,TV-MA,9.7,(3.5K)
125,This Is Not for Tears,Succession,S2.E10,2018–2023,1h 14m,TV-MA,9.7,(21K)
126,Together Again,Adventure Time: Distant Lands,S1.E3,2020–2021,46m,,9.7,(3.4K)
127,Iskambilden Ev,The Rose and the Thorn,S1.E3,2004–2005,,,9.7,(1.1K)
128,Infinite 100%,My Hero Academia,S4.E13,2016–2026,24m,TV-14,9.7,(9K)
129,The Final Attack,Black Clover,S3.E17,2017–2021,,,9.7,(3.7K)
130,Episode #1.8,Asi,S1.E8,2007–2009,,,9.7,(1.7K)
131,Episode #1.9,Asi,S1.E9,2007–2009,,,9.7,(1.7K)
132,Episode #1.12,Under the Trees,S1.E12,2005–2007,,,9.7,(1.2K)
133,Episode #1.14,Under the Trees,S1.E14,2005–2007,,,9.7,(1.4K)
134,Episode #1.15,Under the Trees,S1.E15,2005–2007,,,9.7,(1.5K)
135,Episode #1.5,Under the Trees,S1.E5,2005–2007,,,9.7,(1.6K)
136,Episode #1.6,Under the Trees,S1.E6,2005–2007,,,9.7,(1.6K)
137,Episode #1.9,Under the Trees,S1.E9,2005–2007,,,9.7,(1.4K)
138,Episode #1.15,Asi,S1.E15,2007–2009,,,9.7,(1.4K)
139,His Start,My Hero Academia,S4.E25,2016–2026,23m,TV-MA,9.7,(9.9K)
140,The Pride of the General,Kingdom,S3.E11,2012– ,,TV-MA,9.7,(1.1K)
141,House's Head,House,S4.E15,2004–2012,44m,TV-14,9.7,(15K)
142,Wilson's Heart,House,S4.E16,2004–2012,45m,TV-14,9.7,(14K)
143,Mouse of Silver,The Midnight Gospel,S1.E8,,36m,TV-MA,9.7,(3.9K)
144,Rock and Hard Place,Better Call Saul,S6.E3,2015–2022,47m,TV-MA,9.7,(49K)
145,Dora's World Adventure!,Dora the Explorer,S4.E19,2000–2019,45m,TV-Y,9.7,(11K)
146,Episode #1.22,Asi,S1.E22,2007–2009,,,9.7,(1.5K)
147,Episode #1.24,Asi,S1.E24,2007–2009,,,9.7,(1.4K)
148,Episode #1.28,Asi,S1.E28,2007–2009,,,9.7,(1.2K)
149,Episode #1.20,Asi,S1.E20,2007–2009,,,9.7,(1.5K)
150,Episode #1.21,Asi,S1.E21,2007–2009,,,9.7,(1.5K)
151,Episode #1.23,Asi,S1.E23,2007–2009,,,9.7,(1.4K)
152,Episode #1.26,Asi,S1.E26,2007–2009,,,9.7,(1.2K)
153,"Yu Ishigami Closes His Eyes, Part 3/Miyuki Shirogane and Yu Ishigami/Kyoko Otomo Doesn't Realize",Kaguya-sama: Love Is War,S2.E11,2019–2023,24m,TV-14,9.7,(5K)
154,Family Meeting,The Shield,S7.E13,2002–2008,1h 12m,TV-MA,9.7,(4.8K)
155,Stress Relief,The Office,S5.E13,2005–2013,42m,TV-PG,9.7,(20K)
156,Shi no Aji,Re: Zero - Starting Life in Another World,S2.E11,2016– ,26m,,9.7,(13K)
157,Sleepytime,Bluey,S2.E26,2018– ,8m,TV-G,9.7,(11K)
158,Final: Argentina vs. France,2022 FIFA World Cup Qatar,S5.E2,,,,9.7,(1.2K)
159,The Nightman Cometh,It's Always Sunny in Philadelphia,S4.E13,2005– ,22m,TV-MA,9.7,(11K)
160,Shoymetah,Tash Ma Tash,S5.E6,1993–2023,,,9.7,(1.2K)
161,The We We Are,Severance,S1.E9,2022– ,40m,TV-MA,9.7,(35K)
162,Chapter 9: The Deerfox,Hilda,S2.E9,2018–2023,31m,TV-Y7,9.7,(2K)
163,True Colors,Amphibia,S2.E20,2019–2022,24m,TV-Y7,9.7,(2.7K)
164,My Finale: Part 2,Scrubs,S8.E19,2001–2010,22m,TV-PG,9.7,(6.5K)
165,Captain Yami Sukehiro,Black Clover,S4.E12,2017–2021,24m,,9.7,(5.9K)
166,The Faraway Future,Black Clover,S4.E16,2017–2021,24m,,9.7,(4.7K)
167,Tekken Sakuretsu! Auction wo Buttsubuse,One Piece,S1.E396,1999– ,24m,TV-14,9.7,(17K)
168,Savagery,Attack on Titan,S4.E14,2013–2023,24m,TV-MA,9.7,(56K)
169,The Pirate King is Born: Arriving at the Last Island!,One Piece,S1.E968,1999– ,24m,TV-14,9.7,(33K)
170,Awakening,To Your Eternity,S1.E12,2021– ,25m,,9.7,(2.4K)
171,Oden Wouldn't Be Oden If It Wasn't Boiled!,One Piece,S1.E974,1999– ,24m,TV-14,9.7,(15K)
172,I'm Disappointed in You,Fruits Basket,S3.E8,2019–2021,24m,,9.7,(1.1K)
173,The Endings,Castlevania,S4.E9,2017–2021,31m,TV-MA,9.7,(4.3K)
174,King's Tide,The Owl House,S2.E21,2020–2023,,TV-Y7,9.7,(2.1K)
175,Borderline Forever,Scott the Woz,S5.E5,2017– ,1h 4m,,9.7,(1.5K)
176,Shut the Door. Have a Seat,Mad Men,S3.E13,2007–2015,,TV-14,9.7,(6.9K)
177,The Strongest Man,Kingdom,S3.E14,2012– ,,TV-MA,9.7,(1.3K)
178,Pinnacle of Light,Link Click,S1.E11,2021– ,32m,,9.7,(1.4K)
179,Epitome of the Instinctual Type,Kingdom,S3.E17,2012– ,,TV-MA,9.7,(1.8K)
180,Zheng Speaks,Kingdom,S3.E19,2012– ,,TV-MA,9.7,(1.1K)
181,All the Bells Say,Succession,S3.E9,2018–2023,1h 6m,TV-MA,9.7,(22K)
182,The Base Violence Necessary for Change,Arcane,S1.E3,2021–2024,44m,TV-14,9.7,(48K)
183,The Monster You Created,Arcane,S1.E9,2021–2024,39m,TV-14,9.7,(45K)
184,NS,Sons of Anarchy,S3.E13,2008–2014,57m,TV-MA,9.7,(9.8K)
185,Set Your Heart Ablaze,Demon Slayer: Kimetsu no Yaiba,S2.E7,2019–2024,26m,TV-MA,9.7,(13K)
186,Full Measure,Breaking Bad,S3.E13,2008–2013,47m,TV-14,9.7,(76K)
187,The Suitcase,Mad Men,S4.E7,2007–2015,48m,TV-14,9.7,(8K)
188,1. Bolum,Gönülçelen,S1.E1,2010–2011,,,9.7,(1.6K)
189,2. Bolum,Gönülçelen,S1.E2,2010–2011,,,9.7,(1.6K)
190,Swan Song,Supernatural,S5.E22,2005–2020,42m,TV-14,9.7,(15K)
191,Death and All His Friends,Grey's Anatomy,S6.E24,2005– ,,TV-14,9.7,(5K)
192,The Landscape of the End,Monster,S1.E73,2004–2005,23m,TV-MA,9.7,(5.9K)
193,The Magnificent Steiner's Rage,Monster,S1.E71,2004–2005,23m,TV-MA,9.7,(5.1K)
194,Tobira no mukougawa,Fullmetal Alchemist: Brotherhood,S1.E63,2009–2010,30m,TV-14,9.7,(8.9K)
195,Crawl Space,Breaking Bad,S4.E11,2008–2013,47m,TV-14,9.7,(84K)
196,Two Brothers,Attack on Titan,S4.E19,2013–2023,24m,TV-MA,9.7,(97K)
197,Episode #2.17,Kaan Sekban'la Alt Tarafi Bi' Talk Show,S2.E17,2020– ,,,9.7,(1.7K)
198,Ace Kyuushutsu! Shirohige Saigo no Senchou Meirei!,One Piece,S1.E481,1999– ,24m,TV-14,9.7,(9.1K)
199,Hi wo mo Yakitsukusu Chikara: Akainu Hijou no Tsuigeki,One Piece,S1.E482,1999– ,24m,TV-14,9.7,(52K)
200,Kotae wo Sagashite: Hiken no Ace Senjou ni Shisu,One Piece,S1.E483,1999– ,24m,TV-14,9.7,(60K)
201,Kaigun Honbu Houkai! Shirohige Kotobanaki Ikari!,One Piece,S1.E484,1999– ,24m,TV-14,9.7,(54K)
202,"Fierce Fighting Conclusion! Release, the Final Getsuga Tensho!",Bleach,S14.E44,2004–2012,24m,TV-14,9.7,(4.6K)
203,Shin,86,S1.E22,2021–2022,,,9.7,(3.4K)
204,Handler One,86,S1.E23,2021–2022,,,9.7,(4K)
205,The Train,This Is Us,S6.E17,2016–2022,45m,TV-14,9.7,(4.8K)
206,Snatch Game,RuPaul's Drag Race All Stars,S7.E2,2012– ,1h 3m,TV-MA,9.7,(4.7K)
207,Straw Hat Luffy! The Man Who Will Become the King of the Pirates!,One Piece,S1.E1015,1999– ,24m,TV-14,9.7,(89K)
208,The Tale of Jiraiya the Gallant,Naruto: Shippuden,S1.E133,2007–2017,23m,TV-14,9.7,(9.5K)
209,Who Are You?,Andor,S2.E8,2022–2025,47m,TV-14,9.7,(31K)
210,Blackwater,Game of Thrones,S2.E9,2011–2019,55m,TV-MA,9.7,(85K)
211,Surpass the Emperor of the Sea! Luffy Strikes Back with an Iron Fist!,One Piece,S1.E1028,1999– ,24m,TV-14,9.7,(11K)
212,Being Meltdown,Steins; Gate,S1.E22,2011–2015,25m,TV-14,9.7,(4.8K)
213,Shûen,Naruto: Shippuden,S1.E138,2007–2017,23m,TV-14,9.7,(5.9K)
214,To'hajiilee,Breaking Bad,S5.E13,2008–2013,46m,TV-14,9.7,(127K)
215,The Fire,Bleach: Thousand-Year Blood War,S1.E6,2022– ,24m,,9.7,(22K)
216,The Finals IV: Partner,Pokémon,S25.E42,1997–2023,,,9.7,(1.9K)
217,'Tis an Honor!,Gintama,S2.E13,2005–2021,24m,TV-14,9.7,(2K)
218,The Plight Before Christmas,Bob's Burgers,S13.E10,2011– ,21m,TV-PG,9.7,(3.5K)
219,"Ichigo Dies! Orihime, the Cry of Sorrow!",Bleach,S14.E6,2004–2012,24m,TV-14,9.7,(5.5K)
220,I Remember You,Adventure Time,S4.E25,2010–2018,11m,TV-PG,9.7,(4.5K)
221,Kokuhaku,Naruto: Shippuden,S1.E166,2007–2017,23m,TV-14,9.7,(4.9K)
222,Chibaku Tensei,Naruto: Shippuden,S1.E167,2007–2017,23m,TV-14,9.7,(5.4K)
223,Condition × and × Condition,Hunter X Hunter,S1.E47,2011–2014,23m,TV-14,9.7,(7.6K)
224,Exit 9B,Regular Show,S4.E1,2010–2017,23m,TV-PG,9.7,(5.2K)
225,The Lawless,Star Wars: The Clone Wars,S5.E16,2008–2020,23m,TV-PG,9.7,(8.5K)
226,Victory,Spartacus,S3.E10,2010–2013,58m,TV-MA,9.7,(9K)
227,Simon & Marcy,Adventure Time,S5.E14,2010–2018,10m,TV-Y7,9.7,(3.7K)
228,Forks,The Bear,S2.E7,2022–2026,35m,TV-MA,9.7,(25K)
229,The Wrong Jedi,Star Wars: The Clone Wars,S5.E20,2008–2020,23m,TV-PG,9.7,(9.7K)
230,Through the Looking Glass: Part 2,Lost,S3.E23,2004–2010,43m,TV-14,9.7,(6K)
231,Episode #1.17,Under the Trees,S1.E17,2005–2007,,,9.7,(1.2K)
232,Episode #1.18,Under the Trees,S1.E18,2005–2007,,,9.7,(1.2K)
233,Summit,Young Justice,S2.E19,2010–2022,22m,,9.7,(4.2K)
234,Kagithane,20 Minutes,S1.E8,,,,9.7,(1.6K)
235,Mihrimah Sultan Camii,20 Minutes,S1.E9,,,,9.7,(1.6K)
236,Hangyaku no Teio,Vinland Saga,S2.E22,2019–2023,26m,,9.7,(15K)
237,Two Paths,Vinland Saga,S2.E23,2019–2023,26m,,9.7,(13K)
238,The Three-Sword Style of the Supreme King! Zoro vs. King,One Piece,S1.E1062,1999– ,24m,,9.7,(103K)
239,Sevda Tepesi,20 Minutes,S1.E10,,,,9.7,(1.6K)
240,The Lion and the Rose,Game of Thrones,S4.E2,2011–2019,52m,TV-MA,9.7,(88K)
241,Kiz Kulesi,20 Minutes,S1.E13,,,,9.7,(1.6K)
242,Canfeda,20 Minutes,S1.E14,,,,9.7,(1.6K)
243,Kanli Cinar,20 Minutes,S1.E12,,,,9.7,(1.6K)
244,Feriye Sarayi,20 Minutes,S1.E16,,,,9.7,(1.7K)
245,Esma Sultan Yalisi,20 Minutes,S1.E18,,,,9.7,(1.7K)
246,Vanikoy,20 Minutes,S1.E19,,,,9.7,(1.7K)
247,Yildiz Sarayi,20 Minutes,S1.E15,,,,9.7,(1.6K)
248,Sahrayicedid,20 Minutes,S1.E17,,,,9.7,(1.6K)
249,Kirmizi Yali,20 Minutes,S1.E20,,,,9.7,(1.6K)
250,The Hashira Unite,Demon Slayer: Kimetsu no Yaiba,S4.E8,2019–2024,40m,,9.7,(27K)
251,Thunderclap,Jujutsu Kaisen,S2.E16,2020– ,24m,,9.7,(26K)
252,Thunderclap - Part 2,Jujutsu Kaisen,S2.E17,2020– ,25m,,9.7,(25K)
253,Sapne Vs Zamana,Sapne Vs Everyone,S1.E5,2023– ,,,9.7,(10K)
254,The Mountain and the Viper,Game of Thrones,S4.E8,2011–2019,52m,TV-MA,9.7,(88K)
255,The Children,Game of Thrones,S4.E10,2011–2019,1h 5m,TV-MA,9.7,(79K)
256,The Laws of Gods and Men,Game of Thrones,S4.E6,2011–2019,51m,TV-MA,9.7,(91K)
257,Entering a New Chapter! Luffy and Sabo's Paths!,One Piece,S1.E1089,1999– ,24m,,9.7,(36K)
258,Remember It,X-Men '97,S1.E5,2024– ,37m,TV-14,9.7,(11K)
259,Powers on a Different Level! Luffy vs. Lucci!,One Piece,S1.E1100,1999– ,24m,,9.7,(35K)
260,Agora Meyhanesi,20 Minutes,S1.E21,,,,9.7,(1.6K)
261,Galata Köprüsü,20 Minutes,S1.E24,,,,9.7,(1.4K)
262,Istanbul,20 Minutes,S1.E25,,,,9.7,(1.4K)
263,Clash! Shanks vs. Eustass Kid,One Piece,S1.E1112,1999– ,24m,,9.7,(34K)
264,Episode #2.3,Another Self,S2.E3,2022–2026,50m,TV-14,9.7,(1.4K)
265,Episode #2.4,Another Self,S2.E4,2022–2026,52m,TV-14,9.7,(1.4K)
266,Episode #2.5,Another Self,S2.E5,2022–2026,53m,TV-14,9.7,(1.4K)
267,Episode #2.6,Another Self,S2.E6,2022–2026,47m,TV-14,9.7,(1.4K)
268,Episode #2.7,Another Self,S2.E7,2022–2026,52m,TV-14,9.7,(1.4K)
269,Light Fades to Rain,My Hero Academia,S7.E11,2016–2026,24m,,9.7,(6.7K)
270,16. Bolum,Gönülçelen,S1.E16,2010–2011,,,9.7,(1.4K)
271,The Crossing,Person of Interest,S3.E9,2011–2016,44m,TV-14,9.7,(8.3K)
272,For the Beloved Pupil - The Fist of Vice Admiral Garp!,One Piece,S1.E1114,1999– ,24m,,9.7,(23K)
273,"The Navy Surprised! The Navy Headquarters' Former Admiral, Kuzan",One Piece,S1.E1115,1999– ,24m,,9.7,(18K)
274,Succession,Kingdom,S1.E38,2012– ,,TV-MA,9.7,(1.1K)
275,The Devil's Share,Person of Interest,S3.E10,2011–2016,43m,TV-14,9.7,(8.1K)
276,I Am Here,My Hero Academia,S7.E19,2016–2026,24m,,9.7,(7K)
277,Yasashii sekai e,Dandadan,S1.E7,2024– ,24m,TV-MA,9.7,(20K)
278,The Last Lesson! Impact Inherited,One Piece,S1.E1122,1999– ,24m,,9.7,(18K)
279,Don't Chase A Shadow,Bleach: Thousand-Year Blood War,S3.E9,2022– ,24m,,9.7,(27K)
280,The Message Hidden Within the Pattern,Arcane,S2.E6,2021–2024,39m,TV-14,9.7,(46K)
281,What Have I Done?,Invincible,S3.E7,2021– ,51m,TV-MA,9.7,(48K)
282,Last Attack,Blue Lock,S2.E14,2022– ,23m,,9.7,(21K)
283,My Controls,The Rehearsal,S2.E6,2022– ,58m,TV-MA,9.7,(4.7K)
284,Call Me Red,Dexter: Resurrection,S1.E4,2025– ,1h 7m,TV-MA,9.7,(49K)
285,Touched by an Ángel,Dexter: Resurrection,S1.E9,2025– ,47m,TV-MA,9.7,(59K)
286,"The Nightmare Strikes - Warrior God of Science and Defense, Saint Saturn",One Piece,S1.E1128,1999– ,23m,,9.7,(13K)
287,And Then There Were None,Ben 10: Omniverse,S6.E1,2012–2014,22m,TV-Y7,9.7,(2.1K)
288,And Then There Was Ben,Ben 10: Omniverse,S6.E2,2012–2014,23m,TV-Y7,9.7,(1.6K)
289,Skips' Story,Regular Show,S5.E22,2010–2017,23m,TV-PG,9.7,(4.4K)
290,Steel Ball Run,Steel Ball Run: JoJo's Bizarre Adventure,S1.E1,2026– ,47m,,9.7,(18K)
291,On a Bus,Dimension 20,S27.E1,2018– ,1h 45m,,9.7,(1.3K)
292,"I'm Sorry, Dad - Bonney's Tears and Kuma's Fist",One Piece,S1.E1137,1999– ,23m,,9.7,(18K)
293,The Ruins Incident,To Be Hero X,S1.E20,,,,9.7,(3.9K)
294,X,To Be Hero X,S1.E24,,,,9.7,(4.7K)
295,Our Dr. Stone,Dr. Stone,S4.E21,2019–2026,,,9.7,(3.2K)
296,Hitoribocchi no Saientisuto,Dr. Stone,S4.E23,2019–2026,,,9.7,(2.2K)
297,The Worst Nightmare - The Five Elders Come Together,One Piece,S1.E1144,1999– ,23m,,9.7,(20K)
298,Her Father and Mother's Legacy! Bonney's Nika Punch,One Piece,S1.E1152,1999– ,,,9.7,(7.5K)
299,Evde,Behzat Ç: An Ankara Detective Story,S3.E9,2010–2019,,TV-14,9.7,(2.2K)
300,Perfect Preparation,Jujutsu Kaisen,S3.E4,2020– ,28m,TV-MA,9.7,(38K)
301,Chapter 10: The Dark Lord,Star Wars: Maul - Shadow Lord,S1.E10,2026– ,24m,TV-PG,9.7,(8.6K)
302,That's the Beginning,Oshi No Ko,S3.E11,2023– ,54m,,9.7,(3K)
303,Give Us a Moment,Invincible,S4.E5,2021– ,51m,TV-MA,9.7,(46K)
304,Dragon and Knight Surge Toward the Heavens,Fire Force,S3.E21,2019–2026,,TV-MA,9.7,(7.7K)
305,The Wrath of the Lamb,Hannibal,S3.E13,2013–2015,43m,TV-14,9.7,(18K)
306,The Sales God,Sapne Vs Everyone,S2.E4,2023– ,,,9.7,(3.6K)
307,Main Bhagwaan Banunga,Sapne Vs Everyone,S2.E5,2023– ,,,9.7,(4.4K)
308,A New Dawn,Ben 10: Omniverse,S8.E10,2012–2014,23m,TV-Y7,9.7,(1.2K)
309,I Want You to Praise Me - The Reunion of Robin and Saul,One Piece,S1.E1163,1999– ,,,9.7,(7.4K)
310,The Door,Game of Thrones,S6.E5,2011–2019,57m,TV-MA,9.7,(108K)
311,YHWH,Person of Interest,S4.E22,2011–2016,44m,TV-14,9.7,(9.2K)
312,No Way Out,The Walking Dead,S6.E9,2010–2022,43m,TV-MA,9.7,(39K)
313,The Day the World Went Away,Person of Interest,S5.E10,2011–2016,43m,TV-14,9.7,(7.7K)
314,Rikudô Sen'nin,Naruto: Shippuden,S1.E421,2007–2017,22m,TV-14,9.7,(5.2K)
315,Yuke Law: Yasashiki Otoko Saigo no Tatakai!,One Piece,S1.E706,1999– ,24m,TV-14,9.7,(14K)
316,Faith,Suits,S5.E10,2011–2019,45m,TV-14,9.7,(12K)
317,"That's Too Much, Man!",BoJack Horseman,S3.E11,2014–2020,25m,TV-MA,9.7,(14K)
318,The Bicameral Mind,Westworld,S1.E10,2016–2022,1h 30m,TV-MA,9.7,(33K)
319,Gear Fourth! Kyoui no Bounce Man!,One Piece,S1.E726,1999– ,24m,TV-14,9.7,(24K)
320,Ninja Village,Gintama,S4.E36,2005–2021,24m,TV-14,9.7,(2.5K)
321,And Then There Were Five,Gintama,S4.E38,2005–2021,24m,TV-14,9.7,(2.4K)
322,Perform a German Suplex on a Woman Who Asks If She or The Job Is More Important,Gintama,S1.E87,2005–2021,24m,TV-14,9.7,(2K)
323,Five Pinkies,Gintama,S3.E7,2005–2021,24m,TV-14,9.7,(2.5K)
324,Pinky Swear,Gintama,S3.E8,2005–2021,24m,TV-14,9.7,(2.1K)
325,The Crows Caw After the Battle Ends,Gintama,S4.E41,2005–2021,24m,TV-14,9.7,(2.1K)
326,"Farewell, Buddy",Gintama,S4.E42,2005–2021,24m,TV-14,9.7,(2.9K)
327,"The More Precious the Burden, the Heavier and More Difficult It Is to Shoulder It",Gintama,S1.E180,2005–2021,24m,TV-14,9.7,(1.6K)
328,Life Is a Series of Choices,Gintama,S1.E142,2005–2021,24m,TV-14,9.7,(2.4K)
329,Nobume,Gintama,S4.E50,2005–2021,24m,TV-14,9.7,(2.9K)
330,Farewell Shinsengumi,Gintama,S4.E51,2005–2021,24m,TV-14,9.7,(2.2K)
331,Chicanery,Better Call Saul,S3.E5,2015–2022,49m,TV-14,9.7,(43K)
332,Pilot,The Rose and the Thorn,S1.E1,2004–2005,,,9.7,(1.3K)
333,The Spoils of War,Game of Thrones,S7.E4,2011–2019,50m,TV-MA,9.7,(124K)
334,START,The Americans,S6.E10,2013–2018,1h 9m,TV-MA,9.7,(6.2K)
335,Bloodthirsty Maiden (Brünnhilde),Legend of the Galactic Heroes,S4.E22,1988–1997,30m,TV-MA,9.7,(1.1K)
336,15. Bolum,Gönülçelen,S1.E15,2010–2011,,,9.7,(1.4K)
337,The Battle of Concepts,Haikyuu!!,S3.E10,2014–2020,24m,,9.7,(2.5K)
338,Super Bowl Sunday,This Is Us,S2.E14,2016–2022,46m,TV-14,9.7,(6.9K)
339,9. Bolum,Gönülçelen,S1.E9,2010–2011,,,9.7,(1.3K)
340,8. Bolum,Gönülçelen,S1.E8,2010–2011,,,9.7,(1.3K)
341,10. Bolum,Gönülçelen,S1.E10,2010–2011,,,9.7,(1.3K)
342,11. Bolum,Gönülçelen,S1.E11,2010–2011,,,9.7,(1.4K)
343,14. Bolum,Gönülçelen,S1.E14,2010–2011,,,9.7,(1.5K)
344,13. Bolum,Gönülçelen,S1.E13,2010–2011,,,9.7,(1.5K)
345,12. Bolum,Gönülçelen,S1.E12,2010–2011,,,9.7,(1.5K)
346,17. Bolum,Gönülçelen,S2.E1,2010–2011,,,9.7,(1.4K)
347,18. Bolum,Gönülçelen,S2.E2,2010–2011,,,9.7,(1.1K)
348,19. Bolum,Gönülçelen,S2.E3,2010–2011,,,9.7,(1.2K)
349,20. Bolum,Gönülçelen,S2.E4,2010–2011,,,9.7,(1.1K)
350,21. Bolum,Gönülçelen,S2.E5,2010–2011,,,9.7,(1.2K)
351,22. Bolum,Gönülçelen,S2.E6,2010–2011,,,9.7,(1.1K)
352,23. Bolum,Gönülçelen,S2.E7,2010–2011,,,9.7,(1.1K)
353,27. Bolum,Gönülçelen,S2.E11,2010–2011,,,9.7,(1K)
354,eps3.4_runtime-err0r.r00,Mr. Robot,S3.E5,2015–2019,45m,TV-MA,9.7,(19K)
355,eps3.5_kill-pr0cess.inc,Mr. Robot,S3.E6,2015–2019,45m,TV-MA,9.7,(17K)
356,Episode XCIII,Samurai Jack,S5.E2,2001–2017,23m,TV-14,9.7,(2.7K)
357,Siblings,Gintama,S5.E10,2005–2021,24m,TV-14,9.7,(2K)
358,Episode #1.11,Brave and Beautiful,S1.E11,2016–2017,,,9.7,(1.7K)
359,Episode #1.12,Brave and Beautiful,S1.E12,2016–2017,,,9.7,(1.8K)
360,Episode #1.14,Brave and Beautiful,S1.E14,2016–2017,,,9.7,(1.7K)
361,Episode #1.15,Brave and Beautiful,S1.E15,2016–2017,,,9.7,(1.7K)
362,Episode #1.17,Brave and Beautiful,S1.E17,2016–2017,,,9.7,(1.5K)
363,Scream,Attack on Titan,S2.E12,2013–2023,24m,TV-MA,9.7,(54K)
364,Episode #1.19,Brave and Beautiful,S1.E19,2016–2017,,,9.7,(1.5K)
365,This is the Ultimate Battle of All Universes! Son Goku vs Jiren!!,Dragon Ball Super,S1.E110,2015–2018,24m,TV-PG,9.7,(6.2K)
366,Kanashiki Kettou: Luffy tai Sanji (Kouhen),One Piece,S1.E808,1999– ,26m,TV-14,9.7,(45K)
367,Teddy Perkins,Atlanta,S2.E6,2016–2022,35m,TV-MA,9.7,(11K)
368,Episode #1.20,Brave and Beautiful,S1.E20,2016–2017,,,9.7,(1.5K)
369,Episode #1.21,Brave and Beautiful,S1.E21,2016–2017,,,9.7,(1.5K)
370,Episode #1.22,Brave and Beautiful,S1.E22,2016–2017,,,9.7,(1.4K)
371,Episode #1.25,Brave and Beautiful,S1.E25,2016–2017,,,9.7,(1.4K)
372,Episode #1.26,Brave and Beautiful,S1.E26,2016–2017,,,9.7,(1.4K)
373,405 Method Not Allowed,Mr. Robot,S4.E5,2015–2019,49m,TV-MA,9.7,(21K)
374,409 Conflict,Mr. Robot,S4.E9,2015–2019,47m,TV-MA,9.7,(20K)
375,A Single Pale Rose,Steven Universe,S5.E18,2013–2019,11m,,9.7,(2.5K)
376,A Devil of My Word,Lucifer,S3.E24,2016–2021,43m,TV-14,9.7,(16K)
377,Green Destiny,Ninjago,S9.E10,2011–2022,22m,,9.7,(1.2K)
378,Bagman,Better Call Saul,S5.E8,2015–2022,54m,TV-MA,9.7,(39K)
379,Bad Choice Road,Better Call Saul,S5.E9,2015–2022,59m,TV-14,9.7,(38K)
380,Always Hold on to Your Trump Cards,Gintama,S8.E7,2005–2021,24m,TV-14,9.7,(2.2K)
381,ronny/lily,Barry,S2.E5,2018–2023,38m,TV-MA,9.7,(18K)
382,Old Friends Not Forgotten,Star Wars: The Clone Wars,S7.E9,2008–2020,27m,,9.7,(16K)
383,150146,The Promised Neverland,S1.E12,2019–2021,23m,TV-14,9.7,(7K)
384,A Fist of Divine Speed! Another Gear Four Application Activated!,One Piece,S1.E870,1999– ,24m,TV-14,9.7,(22K)
385,Community Table Read,Community: Webisodes,S9.E1,2009–2020,35m,,9.6,(1.5K)
386,Zuko Alone,Avatar: The Last Airbender,S2.E7,2005–2008,25m,TV-Y7,9.6,(11K)
387,Severed Dreams,Babylon 5,S3.E10,1993–1998,43m,TV-PG,9.6,(1.4K)
388,All in the Family,ER,S6.E14,1994–2009,45m,TV-14,9.6,(2.4K)
389,The Last One,Friends,S10.E17,1994–2004,48m,TV-PG,9.6,(18K)
390,Three Stories,House,S1.E21,2004–2012,44m,TV-14,9.6,(12K)
391,The Jolly Boys' Outing,Only Fools and Horses,S6.E7,1981–2003,1h 20m,TV-14,9.6,(1.7K)
392,Time on Our Hands,Only Fools and Horses,S8.E3,1981–2003,,TV-14,9.6,(1.6K)
393,Ecotone,Six Feet Under,S5.E9,2001–2005,49m,TV-MA,9.6,(4.7K)
394,Scott Tenorman Must Die,South Park,S5.E4,1997– ,22m,TV-MA,9.6,(13K)
395,Turkeys Away,WKRP in Cincinnati,S1.E7,1978–1982,24m,TV-PG,9.6,(1.3K)
396,Middle Ground,The Wire,S3.E11,2002–2008,59m,TV-MA,9.6,(9.9K)
397,Go,Prison Break,S1.E21,2005–2017,,TV-14,9.6,(13K)
398,My Lunch,Scrubs,S5.E20,2001–2010,24m,TV-14,9.6,(4.5K)
399,Final Grades,The Wire,S4.E13,2002–2008,1h 19m,TV-MA,9.6,(8.5K)
400,The Crossroads of Destiny,Avatar: The Last Airbender,S2.E20,2005–2008,25m,TV-Y7,9.6,(10K)
401,Born Free,Dexter,S1.E12,2006–2013,56m,TV-MA,9.6,(31K)
402,Some You Give Away,One Tree Hill,S4.E9,2003–2012,43m,TV-14,9.6,(1.2K)
403,Namae no Nai Kaibutsu,Monster,S1.E37,2004–2005,23m,,9.6,(4.5K)
404,-30-,The Wire,S5.E10,2002–2008,1h 33m,TV-MA,9.6,(9K)
405,Silence,Death Note,S1.E25,2006–2007,24m,TV-14,9.6,(16K)
406,The Mongolia Special-Survival of the Fattest,The Grand Tour,S3.E13,2016– ,1h 32m,TV-14,9.6,(5.1K)
407,Through the Looking Glass: Part 1,Lost,S3.E22,2004–2010,43m,TV-14,9.6,(17K)
408,"The Siege of the North, Part 2",Avatar: The Last Airbender,S1.E20,2005–2008,24m,TV-Y7,9.6,(9.2K)
409,A True Warrior,Vinland Saga,S1.E4,2019–2023,24m,TV-MA,9.6,(14K)
410,King of Kings,JoJo's Bizarre Adventure,S4.E37,2012– ,25m,TV-MA,9.6,(3.9K)
411,Whenever You're Ready,The Good Place,S4.E13,2016–2020,53m,TV-PG,9.6,(8.2K)
412,Nice While It Lasted,BoJack Horseman,S6.E16,2014–2020,27m,TV-MA,9.6,(13K)
413,Chapter Seven: The Massacre at Hawkins Lab,Stranger Things,S4.E7,2016–2025,1h 41m,TV-14,9.6,(83K)
414,Finally Clashing! The Ferocious Luffy vs. Kaido!,One Piece,S1.E914,1999– ,24m,TV-14,9.6,(10K)
415,Hakai-teki! Ichigeki Hissatsu no Raimei Hakke!,One Piece,S1.E915,1999– ,24m,TV-14,9.6,(8.5K)
416,Lemillion,My Hero Academia,S4.E11,2016–2026,24m,TV-14,9.6,(6.5K)
417,Mastermind,Black Clover,S3.E13,2017–2021,24m,TV-14,9.6,(2.1K)
418,Episode #1.1,Asi,S1.E1,2007–2009,,,9.6,(1.6K)
419,Episode #1.2,Asi,S1.E2,2007–2009,,,9.6,(1.5K)
420,Episode #1.3,Asi,S1.E3,2007–2009,,,9.6,(1.5K)
421,Episode #1.4,Asi,S1.E4,2007–2009,,,9.6,(1.5K)
422,Episode #1.5,Asi,S1.E5,2007–2009,,,9.6,(1.6K)
423,Episode #1.6,Asi,S1.E6,2007–2009,,,9.6,(1.7K)
424,Episode #1.7,Asi,S1.E7,2007–2009,,,9.6,(1.6K)
425,Episode #1.1,Under the Trees,S1.E1,2005–2007,,,9.6,(1.5K)
426,Episode #1.10,Under the Trees,S1.E10,2005–2007,,,9.6,(1.3K)
427,Episode #1.11,Under the Trees,S1.E11,2005–2007,,,9.6,(1.3K)
428,Episode #1.13,Under the Trees,S1.E13,2005–2007,,,9.6,(1.4K)
429,Episode #1.16,Under the Trees,S1.E16,2005–2007,,,9.6,(1.3K)
430,Episode #1.3,Under the Trees,S1.E3,2005–2007,,,9.6,(1.5K)
431,Episode #1.4,Under the Trees,S1.E4,2005–2007,,,9.6,(1.6K)
432,Episode #1.7,Under the Trees,S1.E7,2005–2007,,,9.6,(1.5K)
433,Episode #1.8,Under the Trees,S1.E8,2005–2007,,,9.6,(1.7K)
434,Episode #1.10,Asi,S1.E10,2007–2009,,,9.6,(1.6K)
435,Episode #1.11,Asi,S1.E11,2007–2009,,,9.6,(1.6K)
436,Episode #1.12,Asi,S1.E12,2007–2009,,,9.6,(1.6K)
437,Episode #1.13,Asi,S1.E13,2007–2009,,,9.6,(1.6K)
438,Episode #1.14,Asi,S1.E14,2007–2009,,,9.6,(1.5K)
439,Episode #1.16,Asi,S1.E16,2007–2009,,,9.6,(1.5K)
440,Episode #1.25,Asi,S1.E25,2007–2009,,,9.6,(1.3K)
441,Episode #1.27,Asi,S1.E27,2007–2009,,,9.6,(1.1K)
442,Episode #1.29,Asi,S1.E29,2007–2009,,,9.6,(1.1K)
443,Episode #1.17,Asi,S1.E17,2007–2009,,,9.6,(1.5K)
444,Episode #1.18,Asi,S1.E18,2007–2009,,,9.6,(1.5K)
445,Episode #1.19,Asi,S1.E19,2007–2009,,,9.6,(1.5K)
446,Save the Cat,She-Ra and the Princesses of Power,S5.E5,2018–2020,24m,TV-Y7,9.6,(1.8K)
447,Heart Part 2,She-Ra and the Princesses of Power,S5.E13,2018–2020,24m,TV-Y7,9.6,(2.1K)
448,Monsters' Ball,Haikyuu!!,S4.E24,2014–2020,24m,,9.6,(2.9K)
449,Inochi no Kachi,Re: Zero - Starting Life in Another World,S2.E8,2016– ,24m,,9.6,(12K)
450,Das Paradies,Dark,S3.E8,2017–2020,1h 13m,TV-MA,9.6,(31K)
451,Camping,Bluey,S1.E43,2018– ,7m,TV-G,9.6,(1.8K)
452,Eien no koku,Berserk,S1.E25,1997–1998,25m,TV-14,9.6,(3.9K)
453,Uragiri,Code Geass: Lelouch of the Rebellion,S2.E19,2006–2008,24m,TV-14,9.6,(3.8K)
454,31. Bolum,Gönülçelen,S2.E15,2010–2011,,,9.6,(1.1K)
455,Episode #1.1,Call My Manager,S1.E1,2020–2021,,,9.6,(1.4K)
456,Remembering Chadwick Boseman,IMDb Originals,S3.E109,2015– ,1m,,9.6,(2K)
457,Only a Heated Touch Truly Conveys the Sentiment,My Teen Romantic Comedy SNAFU,S3.E11,2013–2023,,,9.6,(1.3K)
458,Baby Race,Bluey,S2.E50,2018– ,7m,TV-Y,9.6,(2.5K)
459,Big News! The Warlords Attack Incident,One Piece,S1.E957,1999– ,24m,TV-14,9.6,(14K)
460,Kiraana,Gullak,S2.E5,2019– ,32m,,9.6,(1.4K)
461,Chi to Zôbutsu made Aishite,Re: Zero - Starting Life in Another World,S2.E23,2016– ,30m,TV-MA,9.6,(13K)
462,The Legendary Battle! Garp and Roger,One Piece,S1.E958,1999– ,24m,TV-14,9.6,(11K)
463,The Great War Breaks Out,Black Clover,S4.E8,2017–2021,24m,TV-14,9.6,(3.5K)
464,Blades Crossed! Roger and Whitebeard!,One Piece,S1.E965,1999– ,24m,TV-14,9.6,(15K)
465,Ore o Erabe,Re: Zero - Starting Life in Another World,S2.E24,2016– ,30m,TV-MA,9.6,(12K)
466,Both Sides Now,House,S5.E24,2004–2012,43m,TV-14,9.6,(8.7K)
467,Herogasm,The Boys,S3.E6,2019–2026,1h 1m,TV-MA,9.6,(59K)
468,Episode #5.10,The Last Kingdom,S5.E10,2015–2022,56m,TV-MA,9.6,(7.4K)
469,Taishou Kizaru no Moukou: Mugiwara Ichimi Zettaizetsumei!,One Piece,S1.E404,1999– ,24m,TV-14,9.6,(7.2K)
470,The Moment of Conclusion! Oden vs. Kaido!,One Piece,S1.E972,1999– ,24m,TV-14,9.6,(8.9K)
471,Broken,House,S6.E1,2004–2012,1h 29m,TV-14,9.6,(13K)
472,Hollow Mind,The Owl House,S2.E16,2020–2023,22m,TV-Y7,9.6,(1.8K)
473,"Knock, Knock, Knockin' on Hooty's Door",The Owl House,S2.E8,2020–2023,22m,TV-Y7,9.6,(2.6K)
474,Shinazaru mono no shi,Fullmetal Alchemist: Brotherhood,S1.E19,2009–2010,30m,TV-MA,9.6,(7.9K)
475,Where To?,Odd Taxi,S1.E13,,,TV-MA,9.6,(1K)
476,Kaido's Trump Card - Introducing the Tobi Roppo,One Piece,S1.E982,1999– ,24m,TV-14,9.6,(19K)
477,Changing Channels,Supernatural,S5.E8,2005–2020,,TV-14,9.6,(14K)
478,Kill Them All,Spartacus,S1.E13,2010–2013,54m,TV-MA,9.6,(7.9K)
479,The Son,Friday Night Lights,S4.E5,2006–2011,43m,TV-14,9.6,(1.2K)
480,George Makes Pizza/Ladybugs!,Curious George,S14.E1,2006–2022,24m,TV-Y,9.6,(1.1K)
481,Raid! Inheriting Oden's Will,One Piece,S1.E995,1999– ,24m,TV-14,9.6,(8.6K)
482,Execution,Monster,S1.E29,2004–2005,23m,TV-MA,9.6,(4.8K)
483,One Minute,Breaking Bad,S3.E7,2008–2013,47m,TV-14,9.6,(62K)
484,3. Bolum,Gönülçelen,S1.E3,2010–2011,,,9.6,(1.5K)
485,4. Bolum,Gönülçelen,S1.E4,2010–2011,,,9.6,(1.3K)
486,The French Mistake,Supernatural,S6.E15,2005–2020,42m,TV-14,9.6,(13K)
487,5. Bolum,Gönülçelen,S1.E5,2010–2011,,,9.6,(1.3K)
488,6. Bolum,Gönülçelen,S1.E6,2010–2011,,,9.6,(1.3K)
489,Always,Friday Night Lights,S5.E13,2006–2011,1h 1m,TV-14,9.6,(2.2K)
490,A Fistful of Paintballs,Community,S2.E23,2009–2015,30m,TV-PG,9.6,(9.4K)
491,7. Bolum,Gönülçelen,S1.E7,2010–2011,,,9.6,(1.4K)
492,Sanctuary,Grey's Anatomy,S6.E23,2005– ,,TV-14,9.6,(4.2K)
493,Seizetsunaru hangeki,Fullmetal Alchemist: Brotherhood,S1.E62,2009–2010,30m,TV-14,9.6,(5.8K)
494,Salud,Breaking Bad,S4.E10,2008–2013,47m,TV-14,9.6,(66K)
495,Defeating an Upper Rank Demon,Demon Slayer: Kimetsu no Yaiba,S2.E16,2019–2024,24m,TV-MA,9.6,(14K)
496,Sorezore no Eranda Michi: Luffy vs Garp!,One Piece,S1.E480,1999– ,,TV-14,9.6,(7.7K)
497,Shokei Shikkou Meirei Kudaru: Houiheki wo Toppaseyo!,One Piece,S1.E474,1999– ,,TV-14,9.6,(7.6K)
498,Hisshi no Sakebi: Unmei o Kaeru Yuuki Aru Suubyou,One Piece,S1.E488,1999– ,24m,TV-14,9.6,(8K)
499,Baelor,Game of Thrones,S1.E9,2011–2019,57m,TV-MA,9.6,(77K)
500,Shanks Kenzan! Choujou Sensou Tsui ni Shuuketsu,One Piece,S1.E489,1999– ,24m,TV-14,9.6,(8K)
501,The Dawn of Humanity,Attack on Titan,S4.E28,2013–2023,24m,TV-14,9.6,(54K)
502,Strawberries and Cream: Part 2,The Mentalist,S3.E24,2008–2015,,TV-14,9.6,(5.5K)
503,Supremme Eleganza Talent Extravaganza,Drag Race España,S2.E2,2021– ,1h 13m,TV-14,9.6,(3.3K)
504,The Reichenbach Fall,Sherlock,S2.E3,2010–2017,1h 28m,TV-14,9.6,(44K)
505,Konoha no eiyû,Naruto: Shippuden,S1.E175,2007–2017,23m,TV-14,9.6,(3.4K)
506,All In,Amphibia,S3.E17,2019–2022,48m,TV-Y7-FV,9.6,(1.3K)
507,The Hardest Thing,Amphibia,S3.E18,2019–2022,29m,TV-Y7-FV,9.6,(1.4K)
508,Baslangicin Sonu,Behzat Ç: An Ankara Detective Story,S1.E38,2010–2019,,TV-14,9.6,(1.2K)
509,Barrage of Powerful Techniques! The Fierce Attacks of the Worst Generation!,One Piece,S1.E1017,1999– ,24m,TV-14,9.6,(23K)
510,Last Night Gus,Psych,S6.E2,2006–2014,43m,TV-PG,9.6,(3.1K)
511,Welcome to the Rebellion,Andor,S2.E9,2022–2025,58m,TV-14,9.6,(27K)
512,Auld Acquaintance,Young Justice,S1.E26,2010–2022,22m,,9.6,(4K)
513,Lions and Lambs,Generator Rex,S2.E19,2010–2013,23m,TV-PG,9.6,(3.9K)
514,The Supernovas Strike Back! The Mission to Tear Apart the Emperors!,One Piece,S1.E1026,1999– ,,TV-14,9.6,(6.8K)
515,Defend Luffy! Zoro and Law's Sword Technique!,One Piece,S1.E1027,1999– ,,TV-14,9.6,(7.7K)
516,Achievement Point,Steins; Gate,S1.E24,2011–2015,25m,TV-14,9.6,(4.7K)
517,Shiryô naki Chikara wa Mizukara no Shitsuryô ni Yotte Kuzuresaru.,Classroom of the Elite,S2.E12,2017– ,23m,,9.6,(3.3K)
518,The Conclusion! Luffy's Accelerating Fist of the Supreme King,One Piece,S1.E1033,1999– ,24m,TV-14,9.6,(9.1K)
519,Arigatô,Naruto: Shippuden,S1.E249,2007–2017,22m,TV-14,9.6,(5.8K)
520,Yondaime no shitô!!,Naruto: Shippuden,S1.E248,2007–2017,21m,TV-14,9.6,(5.3K)
521,Eggscellent,Regular Show,S3.E17,2010–2017,11m,TV-PG,9.6,(4.8K)
522,Confessions,Breaking Bad,S5.E11,2008–2013,47m,TV-14,9.6,(80K)
523,Granite State,Breaking Bad,S5.E15,2008–2013,53m,TV-14,9.6,(122K)
524,Dead Freight,Breaking Bad,S5.E5,2008–2013,48m,TV-14,9.6,(86K)
525,Say My Name,Breaking Bad,S5.E7,2008–2013,47m,TV-14,9.6,(81K)
526,Divine Tree 3 ~Dimple Is~,Mob Psycho 100,S3.E6,2016–2022,24m,TV-14,9.6,(3.8K)
527,You Know Those Year-end Parties Where You Keep Drinking Until You've Forgotten Everything That Happened the Past Year? There Are a Few Things You're Not Supposed to Forget,Gintama,S2.E38,2005–2021,24m,TV-14,9.6,(1.3K)
528,Born in the Dark,Bleach: Thousand-Year Blood War,S1.E7,2022– ,24m,,9.6,(13K)
529,Firewall,Person of Interest,S1.E23,2011–2016,44m,TV-14,9.6,(8.3K)
530,Katsuki Bakugo: Rising,My Hero Academia,S6.E9,2016–2026,24m,,9.6,(4.7K)
531,Heavy Forecast: Part 2,JoJo's Bizarre Adventure,S5.E31,2012– ,25m,TV-14,9.6,(2.7K)
532,Maiden Heaven: Part 1,JoJo's Bizarre Adventure,S5.E36,2012– ,25m,TV-14,9.6,(2.9K)
533,Confession ~The Future~,Mob Psycho 100,S3.E12,2016–2022,24m,,9.6,(3.4K)
534,Yondaime Hokage,Naruto: Shippuden,S1.E168,2007–2017,23m,TV-14,9.6,(4.1K)
535,Fishes,The Bear,S2.E6,2022–2026,1h 6m,TV-MA,9.6,(28K)
536,Oath,Vinland Saga,S2.E9,2019–2023,26m,,9.6,(12K)
537,Demirbahce,20 Minutes,S1.E1,,,,9.6,(1.6K)
538,Rumelihan,20 Minutes,S1.E2,,,,9.6,(1.6K)
539,Cellat Cesmesi,20 Minutes,S1.E3,,,,9.6,(1.5K)
540,Kanli Kuyu,20 Minutes,S1.E4,,,,9.6,(1.5K)
541,Cihangir Camii,20 Minutes,S1.E5,,,,9.6,(1.5K)
542,Episode #1.21,Under the Trees,S1.E21,2005–2007,,,9.6,(1K)
543,Episode #1.19,Under the Trees,S1.E19,2005–2007,,,9.6,(1K)
544,Episode #1.20,Under the Trees,S1.E20,2005–2007,,,9.6,(1K)
545,Nika,20 Minutes,S1.E7,,,,9.6,(1.6K)
546,Endgame,Young Justice,S2.E20,2010–2022,20m,,9.6,(3.7K)
547,Pain,Vinland Saga,S2.E20,2019–2023,26m,,9.6,(9.9K)
548,Kaguya is Fine with It,Kaguya-sama: Love Is War,S4.E4,2019–2023,25m,,9.6,(1.1K)
549,The Strike of an Ifrit! Sanji vs. Queen,One Piece,S1.E1061,1999– ,24m,,9.6,(33K)
550,Cricket,Bluey,S3.E47,2018– ,7m,TV-Y,9.6,(2.8K)
551,Who Goes There,True Detective,S1.E4,2014– ,56m,TV-MA,9.6,(45K)
552,Form and Void,True Detective,S1.E8,2014– ,54m,TV-MA,9.6,(42K)
553,Tophane,20 Minutes,S1.E11,,,,9.6,(1.6K)
554,The Top Billing is Coming! Deadly Attack of Shockwave and Magnetism,One Piece,S1.E1066,1999– ,24m,,9.6,(18K)
555,The Musidrag,Drag Race France,S2.E5,2022– ,1h 12m,TV-14,9.6,(1.3K)
556,Hidden Inventory: Part 3,Jujutsu Kaisen,S2.E3,2020– ,24m,,9.6,(18K)
557,Hidden Inventory: Part 4,Jujutsu Kaisen,S2.E4,2020– ,24m,,9.6,(19K)
558,Black,Bleach: Thousand-Year Blood War,S2.E13,2022– ,25m,,9.6,(11K)
559,"Shibuya Incident - Gate, Open",Jujutsu Kaisen,S2.E9,2020– ,24m,,9.6,(20K)
560,The Titanium Ninja,Ninjago,S3.E8,2011–2022,22m,,9.6,(1.7K)
561,Jerry,Adventure Time: Fionna & Cake,S1.E8,2023– ,,,9.6,(1.9K)
562,The World That Luffy Wants,One Piece,S1.E1076,1999– ,24m,,9.6,(25K)
563,Too Far Gone,The Walking Dead,S4.E8,2010–2022,43m,TV-MA,9.6,(36K)
564,Fluctuations - Part 2,Jujutsu Kaisen,S2.E15,2020– ,24m,,9.6,(16K)
565,Right and Wrong - Part 3,Jujutsu Kaisen,S2.E20,2020– ,24m,,9.6,(14K)
566,Metamorphosis,Jujutsu Kaisen,S2.E21,2020– ,24m,,9.6,(17K)
567,Uchiha Madara,Naruto: Shippuden,S1.E322,2007–2017,23m,TV-14,9.6,(6.1K)
568,The Watchers on the Wall,Game of Thrones,S4.E9,2011–2019,51m,TV-MA,9.6,(81K)
569,The Winner Takes All! Law vs. Blackbeard!,One Piece,S1.E1093,1999– ,24m,,9.6,(19K)
570,"Crushing Blow: The 57th Exterior Scouting Mission, Part 5",Attack on Titan,S1.E21,2013–2023,24m,TV-MA,9.6,(41K)
571,Beyaz Show 22-12-2017,Beyaz Show,Episode,1996–2018,,,9.6,(9.5K)
572,The Strongest Form of Humanity! The Seraphim's Powers,One Piece,S1.E1101,1999– ,24m,,9.6,(19K)
573,Episode #2.1,Another Self,S2.E1,2022–2026,54m,TV-14,9.6,(1.4K)
574,Hitting the Fan,The Good Wife,S5.E5,2009–2016,43m,TV-14,9.6,(2.1K)
575,Eskihisar,20 Minutes,S1.E22,,,,9.6,(1.6K)
576,Bursa,20 Minutes,S1.E23,,,,9.6,(1.6K)
577,6:00 P.M.,The Pitt,S1.E12,2025– ,40m,TV-MA,9.6,(9.7K)
578,7:00 P.M.,The Pitt,S1.E13,2025– ,44m,TV-MA,9.6,(8K)
579,Parents,Mushoku Tensei: Jobless Reincarnation,S2.E22,2021– ,,,9.6,(5.1K)
580,Episode #2.2,Another Self,S2.E2,2022–2026,,TV-14,9.6,(1.4K)
581,Episode #2.8,Another Self,S2.E8,2022–2026,1h 7m,TV-14,9.6,(1.4K)
582,Imao o zutto aishiteru,Naruto: Shippuden,S1.E339,2007–2017,23m,TV-14,9.6,(5.1K)
583,No Sanctuary,The Walking Dead,S5.E1,2010–2022,42m,TV-MA,9.6,(38K)
584,Garp and Kuzan - A Master and a Pupil's Beliefs Clash,One Piece,S1.E1121,1999– ,24m,,9.6,(16K)
585,I'm In Hell,Naruto: Shippuden,S1.E345,2007–2017,23m,TV-14,9.6,(4.3K)
586,Here's to All You've Been Through,When Life Gives You Tangerines,S1.E16,,1h 23m,TV-14,9.6,(2.9K)
587,Pilot's Code,The Rehearsal,S2.E3,2022– ,34m,TV-MA,9.6,(3.4K)
588,Deus Ex Machina,Person of Interest,S3.E23,2011–2016,43m,TV-14,9.6,(7.4K)
589,Are You the King of Humans,Solo Leveling,S2.E12,2024– ,24m,,9.6,(28K)
590,Luffy vs. Kizaru! A Fierce Kaleidoscopic Battle,One Piece,S1.E1127,1999– ,23m,,9.6,(11K)
591,Kuma's Past - Better Off Dead in This World,One Piece,S1.E1129,1999– ,,,9.6,(9.4K)
592,Episode #1.182,Shaka Laka Boom Boom,S1.E182,2000–2004,,,9.6,(1K)
593,A History Erased! God Valley of Despair,One Piece,S1.E1130,1999– ,,,9.6,(9.4K)
594,Episode #1.22,Legend of Zang Hai,S1.E22,,,,9.6,(4.6K)
595,XVIII.,Black Sails,S2.E10,2014–2017,53m,TV-MA,9.6,(4.3K)
596,Tsunagareru mono,Naruto: Shippuden,S1.E364,2007–2017,23m,TV-14,9.6,(2.8K)
597,Light,Lord of Mysteries,S1.E13,2025– ,34m,,9.6,(6K)
598,2022-nen no kimi e,Takopi's Original Sin,S1.E5,,24m,,9.6,(9.9K)
599,The Last Smile,To Be Hero X,S1.E22,,,,9.6,(3.2K)
600,"The End of an Era, and the Beginning",My Hero Academia,S8.E2,2016–2026,24m,,9.6,(15K)
601,Venom of the Red Lotus,The Legend of Korra,S3.E13,2012–2014,23m,TV-Y7,9.6,(5.2K)
602,From Aizawa,My Hero Academia,S8.E7,2016–2026,24m,,9.6,(14K)
603,Papa's Goods,Sons of Anarchy,S7.E13,2008–2014,1h 17m,TV-MA,9.6,(11K)
604,Her and Her Father's Dream! Bonney's Free Future,One Piece,S1.E1151,1999– ,,,9.6,(8.1K)
605,Rippana saigo,Frieren: Beyond Journey's End,S2.E8,2023– ,24m,TV-MA,9.6,(5.2K)
606,"Tokyo No. 1 Colony, Part 3",Jujutsu Kaisen,S3.E9,2020– ,24m,,9.6,(18K)
607,Kakashi VS Obito,Naruto: Shippuden,S1.E375,2007–2017,22m,TV-14,9.6,(5.4K)
608,Blind,Oshi No Ko,S3.E4,2023– ,,TV-14,9.6,(2.3K)
609,Breakdown,Oshi No Ko,S3.E7,2023– ,,TV-14,9.6,(2.1K)
610,Sapna Tootne Ki Aawaaz,Sapne Vs Everyone,S2.E1,2023– ,,,9.6,(4.4K)
611,Hacks,Hacks,S5.E10,2021–2026,46m,TV-MA,9.6,(2.1K)
612,Hero Kaun?,Sapne Vs Everyone,S2.E2,2023– ,,,9.6,(3.4K)
613,Chah Teri Mein Raza Meri,Sapne Vs Everyone,S2.E3,2023– ,,,9.6,(3.6K)
614,Out of Time,The Flash,S1.E15,2014–2023,42m,TV-14,9.6,(16K)
615,Suna Jikan o Koero,Re: Zero - Starting Life in Another World,S4.E2,2016– ,,,9.6,(25K)
616,Doragon no Meikyû,Witch Hat Atelier,S1.E5,2026– ,23m,TV-PG,9.6,(3.5K)
617,Soshite Hajimaru Monogatari,Wistoria: Wand and Sword,S2.E4,2024– ,,,9.6,(2.7K)
618,The Promise,Justified,S6.E13,2010–2015,48m,TV-MA,9.6,(4K)
619,Jail Break,Steven Universe,S1.E53,2013–2019,11m,TV-PG,9.6,(2.5K)
620,International Assassin,The Leftovers,S2.E8,2014–2017,1h 3m,TV-MA,9.6,(12K)
621,A Tale of Two Stans,Gravity Falls,S2.E12,2012–2016,30m,TV-Y7,9.6,(6.5K)
622,Heaven Sent,Doctor Who,S9.E11,2005–2022,55m,TV-PG,9.6,(15K)
623,"Dio's World, Part 2",JoJo's Bizarre Adventure,S2.E46,2012– ,23m,TV-MA,9.6,(5K)
624,"Dio's World, Part 3",JoJo's Bizarre Adventure,S2.E47,2012– ,23m,TV-MA,9.6,(6K)
625,"Long Journey, Farewell My Friends",JoJo's Bizarre Adventure,S2.E48,2012– ,25m,TV-MA,9.6,(4.7K)
626,Conclusion,Fighting Spirit,S1.E57,2000–2002,23m,,9.6,(1.2K)
627,The Rickshank Rickdemption,Rick and Morty,S3.E1,2013– ,22m,TV-14,9.6,(30K)
628,Fish Out of Water,BoJack Horseman,S3.E4,2014–2020,25m,TV-MA,9.6,(17K)
629,Haki Gekitotsu: Luffy tai Doflamingo,One Piece,S1.E723,1999– ,24m,TV-14,9.6,(5.5K)
630,Ninja Soul,Gintama,S4.E37,2005–2021,24m,TV-14,9.6,(2K)
631,Graduation Time,Assassination Classroom,S2.E24,2013–2016,23m,TV-14,9.6,(1.5K)
632,End of the Beginning,RWBY,S3.E12,2012– ,28m,TV-14,9.6,(1K)
633,The Day the Demon Cried,Gintama,S4.E43,2005–2021,24m,TV-14,9.6,(1.6K)
634,Undelivered Mail,Gintama,S4.E48,2005–2021,24m,TV-14,9.6,(2K)
635,Lian Yu,Arrow,S5.E23,2012–2020,42m,TV-14,9.6,(8.8K)
636,The Disaster,The Amazing World of Gumball,S4.E40,2011–2019,11m,TV-PG,9.6,(2.4K)
637,Rigby's Graduation Day Special,Regular Show,S7.E36,2010–2017,22m,TV-PG,9.6,(3.9K)
638,Golden Frog Time,Billions,S2.E11,2016–2023,58m,TV-MA,9.6,(3.6K)
639,Omedetô,Naruto: Shippuden,S1.E474,2007–2017,23m,TV-14,9.6,(4.7K)
640,The Absolute Limit Switch,Haikyuu!!,S2.E24,2014–2020,24m,TV-14,9.6,(3.3K)
641,Wakai no shirushi,Naruto: Shippuden,S1.E478,2007–2017,23m,,9.6,(5.1K)
642,Revenge of the Queens,RuPaul's Drag Race All Stars,S2.E5,2012– ,41m,TV-MA,9.6,(1K)
643,The Halo Around the Moon,Haikyuu!!,S3.E4,2014–2020,24m,,9.6,(2.4K)
644,All His Angels,Vikings,S4.E15,2013–2020,44m,TV-14,9.6,(18K)
645,Episode #1.4,Brave and Beautiful,S1.E4,2016–2017,,,9.6,(1.7K)
646,"Another One Bites the Dust, Part 2",JoJo's Bizarre Adventure,S3.E36,2012– ,23m,TV-14,9.6,(4.1K)
647,Islands Part 6: Min and Marty,Adventure Time,S8.E25,2010–2018,11m,,9.6,(1.9K)
648,"Goodbye, Morioh - The Heart of Gold",JoJo's Bizarre Adventure,S3.E39,2012– ,23m,TV-14,9.6,(5.6K)
649,Meet the Seer,Regular Show,S8.E25,2010–2017,11m,TV-PG,9.6,(3.7K)
650,The Volleyball Idiots,Haikyuu!!,S3.E9,2014–2020,24m,,9.6,(1.7K)
651,25. Bolum,Gönülçelen,S2.E9,2010–2011,,,9.6,(1K)
652,24. Bolum,Gönülçelen,S2.E8,2010–2011,,,9.6,(1K)
653,26. Bolum,Gönülçelen,S2.E10,2010–2011,,,9.6,(1K)
654,29. Bolum,Gönülçelen,S2.E13,2010–2011,,,9.6,(1K)
655,28. Bolum,Gönülçelen,S2.E12,2010–2011,,,9.6,(1K)
656,30. Bolum,Gönülçelen,S2.E14,2010–2011,,,9.6,(1K)
657,Episode #1.5,Brave and Beautiful,S1.E5,2016–2017,,,9.6,(1.7K)
658,Episode #1.6,Brave and Beautiful,S1.E6,2016–2017,,,9.6,(1.7K)
659,Paths,Gintama,S5.E7,2005–2021,24m,TV-14,9.6,(1.4K)
660,The Master of Kouan,Gintama,S5.E8,2005–2021,24m,TV-14,9.6,(1.3K)
661,Episode #1.7,Brave and Beautiful,S1.E7,2016–2017,,,9.6,(1.7K)
662,The Lost Rabbit,Gintama,S5.E9,2005–2021,24m,TV-14,9.6,(1.3K)
663,shutdown -r,Mr. Robot,S3.E10,2015–2019,57m,TV-MA,9.6,(14K)
664,Episode #1.8,Brave and Beautiful,S1.E8,2016–2017,,,9.6,(1.7K)
665,Episode #1.10,Brave and Beautiful,S1.E10,2016–2017,,,9.6,(1.7K)
666,Episode XCIV,Samurai Jack,S5.E3,2001–2017,23m,TV-14,9.6,(2.2K)
667,Episode #1.13,Brave and Beautiful,S1.E13,2016–2017,,,9.6,(1.7K)
668,Episode #1.16,Brave and Beautiful,S1.E16,2016–2017,,,9.6,(1.7K)
669,Episode #1.18,Brave and Beautiful,S1.E18,2016–2017,,,9.6,(1.5K)
670,First Student,Gintama,S5.E11,2005–2021,24m,TV-14,9.6,(1.3K)
671,Close Combat,Attack on Titan,S2.E7,2013–2023,24m,TV-MA,9.6,(39K)
672,Charge,Attack on Titan,S2.E11,2013–2023,24m,TV-MA,9.6,(37K)
673,A New Napkin,Daredevil,S3.E13,2015–2018,54m,TV-MA,9.6,(16K)
674,ScoobyNatural,Supernatural,S13.E16,2005–2020,42m,TV-PG,9.6,(10K)
675,Shoto Todoroki: Origin,My Hero Academia,S2.E10,2016–2026,23m,TV-14,9.6,(7.6K)
676,Winner,Better Call Saul,S4.E10,2015–2022,1h 1m,TV-14,9.6,(30K)
677,East Blue e: Sanji Ketsui no Funade,One Piece,S1.E804,1999– ,24m,TV-14,9.6,(5.2K)
678,The Challengers,Made in Abyss,S1.E13,2017–2022,48m,TV-14,9.6,(2.3K)
679,"A Miraculous Conclusion! Farewell, Goku! Until We Meet Again!",Dragon Ball Super,S1.E131,2015–2018,22m,TV-PG,9.6,(5.4K)
680,Episode #1.23,Brave and Beautiful,S1.E23,2016–2017,,,9.6,(1.4K)
681,Episode #1.24,Brave and Beautiful,S1.E24,2016–2017,,,9.6,(1.4K)
682,Episode #1.27,Brave and Beautiful,S1.E27,2016–2017,,,9.6,(1.4K)
683,Episode #1.28,Brave and Beautiful,S1.E28,2016–2017,,,9.6,(1.4K)
684,Episode #1.29,Brave and Beautiful,S1.E29,2016–2017,,,9.6,(1.1K)
685,Episode #1.30,Brave and Beautiful,S1.E30,2016–2017,,,9.6,(1.1K)
686,Episode #1.31,Brave and Beautiful,S1.E31,2016–2017,,,9.6,(1.1K)
687,Episode #1.32,Brave and Beautiful,S1.E32,2016–2017,,,9.6,(1.1K)
688,Shikemoku: Sanji no Kekkon Zen'ya,One Piece,S1.E817,1999– ,24m,TV-14,9.6,(6.4K)
689,An Unprecedented Super Showdown! The Ultimate Survival Battle!!,Dragon Ball Super,S1.E130,2015–2018,24m,TV-PG,9.6,(4K)
690,A Liar! Luffy and Sanji!!,One Piece,S1.E825,1999– ,,TV-14,9.6,(4.9K)
691,The Showstopper,BoJack Horseman,S5.E11,2014–2020,26m,TV-MA,9.6,(11K)
692,The Beginning Part 2,12 Monkeys,S4.E11,2015–2018,48m,TV-14,9.6,(2.9K)
693,Please Remain Calm,Chernobyl,S1.E2,,1h 5m,TV-MA,9.6,(60K)
694,Who's da New King of Hell?,Lucifer,S4.E10,2016–2021,55m,TV-14,9.6,(12K)
695,Reunited,Steven Universe,S5.E23,2013–2019,22m,TV-PG,9.6,(2.1K)
696,Chi to ko,Boruto: Naruto Next Generations,S1.E65,2017–2023,24m,TV-14,9.6,(6.6K)
697,Arclight of the Point at Infinity -Arc-light of the Sky-,Steins;Gate 0,S1.E23,,24m,TV-14,9.6,(1.9K)
698,The Creatures Known as Humanity,Gintama,S8.E8,2005–2021,24m,TV-14,9.6,(1.5K)
699,Beyond Limits,Black Clover,S1.E49,2017–2021,24m,TV-14,9.6,(2.4K)
700,The Town Where Everything Began,Attack on Titan,S3.E13,2013–2023,24m,TV-14,9.6,(43K)
701,The Interview,The Morning Show,S1.E10,2019– ,1h 6m,TV-MA,9.6,(9.4K)
702,Finally Concluded - An Outcome of the Fierce Battle with Katakuri,One Piece,S1.E871,1999– ,24m,TV-14,9.6,(10K)
703,We Need to Talk,Invincible,S1.E7,2021– ,48m,TV-MA,9.6,(32K)
704,Cornered ~True Identity~,Mob Psycho 100,S2.E7,2016–2022,24m,TV-14,9.6,(3.6K)
705,Thunder Spears,Attack on Titan,S3.E14,2013–2023,24m,TV-MA,9.6,(42K)
706,Descent,Attack on Titan,S3.E15,2013–2023,24m,TV-MA,9.6,(43K)
707,The Mystery of King Crimson,JoJo's Bizarre Adventure,S4.E21,2012– ,25m,TV-MA,9.6,(4K)
708,Not Fade Away,Angel,S5.E22,1999–2004,44m,,9.5,(4.3K)
709,Becoming: Part 2,Buffy the Vampire Slayer,S2.E22,1997–2003,44m,TV-PG,9.5,(5.8K)
710,The Gift,Buffy the Vampire Slayer,S5.E22,1997–2003,44m,TV-PG,9.5,(5.7K)
711,The Ski Lodge,Frasier,S5.E14,1993–2004,22m,TV-PG,9.5,(2.5K)
712,Jurassic Bark,Futurama,S5.E2,1999– ,23m,TV-14,9.5,(7.6K)
713,Lucy Does a TV Commercial,I Love Lucy,S1.E30,1951–1957,30m,TV-Y,9.5,(1.1K)
714,The Real Folk Blues: Part 2,Cowboy Bebop,S1.E26,1998–1999,25m,TV-14,9.5,(6.9K)
715,The Contest,Seinfeld,S4.E11,1989–1998,23m,,9.5,(10K)
716,The Opposite,Seinfeld,S5.E21,1989–1998,23m,TV-PG,9.5,(8K)
717,The Soup Nazi,Seinfeld,S7.E6,1989–1998,23m,TV-PG,9.5,(8.1K)
718,Funhouse,The Sopranos,S2.E13,1999–2007,59m,TV-MA,9.5,(14K)
719,Wet Painters/Krusty Krab Training Video,SpongeBob SquarePants,S3.E10,1999– ,23m,,9.5,(2.7K)
720,Chocolate with Nuts/Mermaid Man and Barnacle Boy V,SpongeBob SquarePants,S3.E12,1999– ,23m,,9.5,(3.1K)
721,Window of Opportunity,Stargate SG-1,S4.E6,1997–2007,44m,TV-PG,9.5,(3.3K)
722,"Abyssinia, Henry",M*A*S*H,S3.E24,1972–1983,25m,TV-PG,9.5,(1.7K)
723,Nasty Patty/Idiot Box,SpongeBob SquarePants,S3.E4,1999– ,23m,,9.5,(2.5K)
724,"Make Love, Not Warcraft",South Park,S10.E8,1997– ,22m,TV-MA,9.5,(11K)
725,Bang,Desperate Housewives,S3.E7,2004–2012,43m,TV-14,9.5,(2.4K)
726,Koeteiku! Arabasta ni Ame ga Furu!,One Piece,S1.E126,1999– ,24m,TV-14,9.5,(7.1K)
727,The Other Side of the Wall,Attack on Titan,S3.E22,2013–2023,24m,TV-MA,9.5,(44K)
728,Resistance Is Futile,Dexter,S2.E9,2006–2013,50m,TV-MA,9.5,(17K)
729,Chizome no euphie,Code Geass: Lelouch of the Rebellion,S1.E22,2006–2008,24m,TV-14,9.5,(5.2K)
730,King Crimson vs. Metallica,JoJo's Bizarre Adventure,S4.E27,2012– ,25m,TV-MA,9.5,(3.6K)
731,Special Little Brother vs. Failed Big Brother,Black Clover,S2.E29,2017–2021,24m,TV-14,9.5,(2.4K)
732,Mystery Spot,Supernatural,S3.E11,2005–2020,55m,TV-14,9.5,(12K)
733,The Cabin,This Is Us,S4.E14,2016–2022,43m,TV-14,9.5,(2.5K)
734,Kotaero Robin! Mugiwara Ichimi no Sakebi!!,One Piece,S1.E274,1999– ,,TV-14,9.5,(6K)
735,Ohara no Higeki! Buster Call no Kyoufu,One Piece,S1.E277,1999– ,,TV-14,9.5,(4.9K)
736,Ein unendlicher Kreis,Dark,S2.E6,2017–2020,54m,TV-MA,9.5,(21K)
737,Ghosts,Animal Kingdom,S4.E12,2016–2022,46m,TV-MA,9.5,(1.2K)
738,Stay,How to Get Away with Murder,S6.E15,2014–2020,41m,TV-14,9.5,(4K)
739,The Vat of Acid Episode,Rick and Morty,S4.E8,2013– ,22m,TV-14,9.5,(21K)
740,The Wizard King vs. the Leader of the Eye of the Midnight Sun,Black Clover,S2.E41,2017–2021,24m,TV-14,9.5,(1.8K)
741,Jail,Dave,S1.E10,2020–2023,28m,TV-MA,9.5,(2.1K)
742,Socks Are Important,Mr Inbetween,S2.E9,2018–2021,27m,TV-MA,9.5,(2.1K)
743,Chapter Four: Dear Billy,Stranger Things,S4.E4,2016–2025,1h 18m,TV-14,9.5,(73K)
744,The Avatar and the Fire Lord,Avatar: The Last Airbender,S3.E6,2005–2008,25m,TV-Y7,9.5,(9.6K)
745,The Better Feelings of My Heart,Anne with an E,S3.E10,2017–2019,44m,,9.5,(3.2K)
746,United Front,Vinland Saga,S1.E19,2019–2023,24m,TV-MA,9.5,(9.1K)
747,Lone Wolf,Vinland Saga,S1.E22,2019–2023,24m,TV-MA,9.5,(9.5K)
748,"The Day of Black Sun, Part 2: The Eclipse",Avatar: The Last Airbender,S3.E11,2005–2008,22m,TV-Y7,9.5,(8.6K)
749,A Reunion Across Time and Space,Black Clover,S3.E16,2017–2021,,,9.5,(1.7K)
750,Zoey's Extraordinary Dad,Zoey's Extraordinary Playlist,S1.E12,2020–2021,44m,TV-14,9.5,(1.6K)
751,Final Atonement,Dragon Ball Z,S14.E6,1996–2003,24m,TV-PG,9.5,(2.8K)
752,Transformed at Last,Dragon Ball Z,S4.E21,1996–2003,24m,TV-PG,9.5,(4.6K)
753,"Sozin's Comet, Part 2: The Old Masters",Avatar: The Last Airbender,S3.E19,2005–2008,22m,TV-Y7,9.5,(9.9K)
754,Agony of a Witch,The Owl House,S1.E18,2020–2023,21m,TV-Y7-FV,9.5,(2K)
755,Heart Part 1,She-Ra and the Princesses of Power,S5.E12,2018–2020,24m,TV-Y7,9.5,(1.5K)
756,Pitons,Haikyuu!!,S4.E22,2014–2020,24m,,9.5,(1.8K)
757,Possible Kill Screen,The Shield,S7.E12,2002–2008,48m,TV-MA,9.5,(2.9K)
758,Why We Fight,Band of Brothers,S1.E9,,55m,TV-MA,9.5,(14K)
759,Oyako,Re: Zero - Starting Life in Another World,S2.E4,2016– ,30m,,9.5,(13K)
760,Majo-tachi no Chakai,Re: Zero - Starting Life in Another World,S2.E12,2016– ,27m,,9.5,(9.8K)
761,Namida no houkou! Omae wa ore no tomodachi da,Naruto,S1.E133,2002–2007,23m,TV-14,9.5,(3.8K)
762,"My Teen Romantic Comedy is Wrong, As I Expected.",My Teen Romantic Comedy SNAFU,S3.E12,2013–2023,,,9.5,(1.2K)
763,Shiroi yami,Clannad,S2.E16,2007–2009,25m,,9.5,(1.1K)
764,All Sales Final,Superstore,S6.E15,2015–2021,,TV-14,9.5,(3K)
765,Zenon's Power,Black Clover,S4.E7,2017–2021,24m,TV-14,9.5,(2.4K)
766,Dave,Dave,S2.E10,2020–2023,34m,TV-MA,9.5,(1.5K)
767,Ieji,Clannad,S2.E19,2007–2009,24m,TV-PG,9.5,(1K)
768,One Way Out,Andor,S1.E10,2022–2025,43m,TV-14,9.5,(30K)
769,Sekai no owari,Clannad,S2.E21,2007–2009,25m,TV-PG,9.5,(1.2K)
770,Assassin's Bullet,Attack on Titan,S4.E8,2013–2023,24m,TV-14,9.5,(57K)
771,The Live Broadcast,Mouse,S1.E5,,1h 3m,,9.5,(1.3K)
772,Chuck Versus the Ring,Chuck,S2.E22,2007–2012,42m,TV-PG,9.5,(2.6K)
773,Children of the Forest,Attack on Titan,S4.E13,2013–2023,24m,TV-MA,9.5,(51K)
774,Roger's Wish! A New Journey!,One Piece,S1.E966,1999– ,24m,TV-14,9.5,(8.4K)
775,Devoting His Life! Roger's Adventure,One Piece,S1.E967,1999– ,24m,TV-14,9.5,(8K)
776,Sole Salvation,Attack on Titan,S4.E15,2013–2023,24m,TV-14,9.5,(47K)
777,Nonstandard,Jujutsu Kaisen,S1.E20,2020– ,24m,,9.5,(17K)
778,Episode #1.30,Asi,S1.E30,2007–2009,,,9.5,(1.1K)
779,Episode #1.31,Asi,S1.E31,2007–2009,,,9.5,(1K)
780,Birth of a Demon Lord,That Time I Got Reincarnated as a Slime,S2.E11,2018– ,23m,,9.5,(2.5K)
781,Réplique (La dernière attaque de Papillombre - 2ème partie),Miraculous: Tales of Ladybug & Cat Noir,S4.E26,2015– ,,TV-Y7,9.5,(1.6K)
782,Now or Never,Grey's Anatomy,S5.E24,2005– ,,TV-14,9.5,(3.4K)
783,To Wano Country! The Roger Pirates Disband,One Piece,S1.E969,1999– ,24m,TV-14,9.5,(7.1K)
784,"Hello, Dexter Morgan",Dexter,S4.E11,2006–2013,51m,TV-MA,9.5,(19K)
785,Hungry Man,Dexter,S4.E9,2006–2013,51m,TV-MA,9.5,(16K)
786,Those Who Follow,To Your Eternity,S1.E5,2021– ,25m,,9.5,(2.2K)
787,Plan B,Aspirants,S1.E4,2021– ,49m,,9.5,(7K)
788,The Sea Is For Pirates! Raid! To Onigashima,One Piece,S1.E977,1999– ,24m,TV-14,9.5,(7.2K)
789,Goodbye,86,S1.E9,2021–2022,24m,,9.5,(2.1K)
790,You Don't Deserve My Blood,Castlevania,S4.E6,2017–2021,31m,TV-MA,9.5,(3.1K)
791,Fault Lines,Snowfall,S5.E10,2017–2023,52m,TV-MA,9.5,(2K)
792,A Sense Of The Ending.,Broken But Beautiful,S3.E7,2018– ,31m,,9.5,(4.9K)
793,"And so, begin again",Broken But Beautiful,S3.E10,2018– ,30m,,9.5,(4.9K)
794,Watching and Dreaming,The Owl House,S3.E3,2020–2023,55m,TV-Y7,9.5,(2.2K)
795,The Worst Generation Charges in! The Battle of the Stormy Sea,One Piece,S1.E978,1999– ,24m,TV-14,9.5,(7.6K)
796,Yabai yarô,Boruto: Naruto Next Generations,S1.E204,2017–2023,24m,,9.5,(5.7K)
797,Help Me,House,S6.E21,2004–2012,43m,TV-14,9.5,(7.1K)
798,Farewell,Link Click,S1.E5,2021– ,26m,,9.5,(1.1K)
799,Stand Still Like the Hummingbird,Euphoria,S2.E5,2019–2026,54m,TV-MA,9.5,(17K)
800,Tenko Shimura: Origin,My Hero Academia,S5.E23,2016–2026,24m,TV-14,9.5,(5.3K)
801,Ketsui,Boruto: Naruto Next Generations,S1.E217,2017–2023,24m,,9.5,(9.7K)
802,Aibô,Boruto: Naruto Next Generations,S1.E218,2017–2023,24m,,9.5,(7K)
803,Rain,Bluey,S3.E18,2018– ,7m,TV-Y,9.5,(1.3K)
804,Akaza,Demon Slayer: Kimetsu no Yaiba,S2.E6,2019–2024,24m,TV-MA,9.5,(8.7K)
805,Overwhelming Strength! The Straw Hats Come Together!,One Piece,S1.E1000,1999– ,24m,TV-14,9.5,(8.4K)
806,Half Measures,Breaking Bad,S3.E12,2008–2013,47m,TV-14,9.5,(62K)
807,Turning Point 2,Mushoku Tensei: Jobless Reincarnation,S1.E21,2021– ,24m,,9.5,(5.1K)
808,Rekka no saki ni,Fullmetal Alchemist: Brotherhood,S1.E54,2009–2010,30m,TV-14,9.5,(5.6K)
809,End Times,Breaking Bad,S4.E12,2008–2013,46m,TV-14,9.5,(61K)
810,Layered Memories,Demon Slayer: Kimetsu no Yaiba,S2.E13,2019–2024,24m,TV-MA,9.5,(15K)
811,Mugiwara Team Touchaku: Fuuunkyuu wo Tsugeru Senjou,One Piece,S1.E466,1999– ,,TV-14,9.5,(5.3K)
812,"Promises, Promises",Generator Rex,S1.E19,2010–2013,23m,TV-PG,9.5,(2.5K)
813,Ten no hikari wa subete hoshi,Gurren Lagann,S1.E27,,24m,TV-PG,9.5,(1.6K)
814,Review,The Bear,S1.E7,2022–2026,20m,TV-MA,9.5,(18K)
815,Advanced Dungeons & Dragons,Community,S2.E14,2009–2015,22m,TV-PG,9.5,(8.4K)
816,starting now,Barry,S3.E8,2018–2023,29m,TV-MA,9.5,(8K)
817,Glorious Purpose,Loki,S2.E6,2021–2023,56m,TV-14,9.5,(31K)
818,Show no Kaimaku: Akasareta Kurohige no Takurami,One Piece,S1.E486,1999– ,,TV-14,9.5,(5.9K)
819,Mo dare ni mo tayoranai,Puella Magi Madoka Magica,S1.E10,,24m,TV-14,9.5,(1K)
820,For a Few Paintballs More,Community,S2.E24,2009–2015,30m,TV-PG,9.5,(7.6K)
821,Sayonara... Rangiku,Bleach,S14.E43,2004–2012,24m,TV-14,9.5,(2.6K)
822,Retrospective,Attack on Titan,S4.E27,2013–2023,24m,TV-MA,9.5,(42K)
823,Miguel,This Is Us,S6.E15,2016–2022,43m,TV-14,9.5,(3.1K)
824,Kakashi gaiden ~ Senjô no bôizu raifu ~ Kôhen,Naruto: Shippuden,S1.E120,2007–2017,22m,TV-14,9.5,(3K)
825,Shinjitsu,Naruto: Shippuden,S1.E141,2007–2017,23m,TV-14,9.5,(3K)
826,Meanwhile,Futurama,S10.E13,1999– ,22m,TV-14,9.5,(5K)
827,Parivaar,Panchayat,S2.E8,2020– ,45m,,9.5,(6K)
828,Make It Stop,Andor,S2.E10,2022–2025,48m,TV-14,9.5,(22K)
829,The Kennedy Davenport Center Honors Hall of Shade,RuPaul's Drag Race All Stars,S7.E10,2012– ,1h 2m,TV-MA,9.5,(1.2K)
830,With Open Eyes,Succession,S4.E10,2018–2023,1h 28m,TV-MA,9.5,(27K)
831,Rise of the Spinjitzu Master,Ninjago,S2.E13,2011–2022,23m,,9.5,(1.5K)
832,The Final Chapters: Special 1,Attack on Titan,S4.E29,2013–2023,1h 1m,TV-MA,9.5,(70K)
833,Open the Steins Gate,Steins; Gate,S1.E23,2011–2015,25m,TV-14,9.5,(3.6K)
834,And Now His Watch Is Ended,Game of Thrones,S3.E4,2011–2019,53m,TV-MA,9.5,(61K)
835,Depths,Young Justice,S2.E7,2010–2022,20m,,9.5,(3.4K)
836,Laying Pipe,Sons of Anarchy,S5.E3,2008–2014,47m,TV-MA,9.5,(6.9K)
837,Two Impostors,Boardwalk Empire,S3.E11,2010–2014,50m,TV-MA,9.5,(3.6K)
838,"Beginnings, Part 2",The Legend of Korra,S2.E8,2012–2014,24m,TV-Y7,9.5,(5.3K)
839,Ozymandias,Breaking Bad,S5.E14,2008–2013,47m,TV-14,9.5,(502K)
840,Gliding Over All,Breaking Bad,S5.E8,2008–2013,47m,TV-14,9.5,(72K)
841,Chains of a Warrior,Gintama,S2.E11,2005–2021,24m,TV-14,9.5,(1.3K)
842,See Moon: Part 2,JoJo's Bizarre Adventure,S5.E35,2012– ,25m,TV-14,9.5,(2.5K)
843,Dabi's Dance,My Hero Academia,S6.E11,2016–2026,24m,,9.5,(4.6K)
844,Pinchi! Kieta sen'nin môdo,Naruto: Shippuden,S1.E164,2007–2017,23m,TV-14,9.5,(3.3K)
845,Kyûbi hokaku kanryô,Naruto: Shippuden,S1.E165,2007–2017,23m,TV-14,9.5,(3K)
846,"Clean, Part 2",The Chosen,S3.E5,2017– ,56m,,9.5,(1.6K)
847,The Blade Is Me,Bleach: Thousand-Year Blood War,S1.E13,2022– ,24m,TV-MA,9.5,(12K)
848,Eiyo no hate,Fate/Zero,S2.E3,2011–2012,24m,TV-MA,9.5,(1.1K)
849,Way Home,Vinland Saga,S2.E17,2019–2023,26m,,9.5,(9.5K)
850,Sustenance,The Chosen,S3.E8,2017– ,1h 40m,,9.5,(1.6K)
851,A Great or Little Thing,The Penguin,S1.E8,,1h 8m,TV-MA,9.5,(28K)
852,Four Minutes,The Marvelous Mrs. Maisel,S5.E9,2017–2023,1h 15m,,9.5,(4.3K)
853,Deku vs. Class A,My Hero Academia,S6.E23,2016–2026,24m,,9.5,(4.6K)
854,Mother and Children,Oshi No Ko,S1.E1,2023– ,1h 22m,TV-14,9.5,(8.1K)
855,Impossible to Attack? The Sealed Genryusai!,Bleach,S14.E29,2004–2012,24m,TV-14,9.5,(2.3K)
856,"Hitsugaya, Enraged! Blade of Hatred!",Bleach,S14.E28,2004–2012,24m,TV-14,9.5,(2.5K)
857,Looking for Love,Dave,S3.E10,2020–2023,48m,TV-MA,9.5,(1.1K)
858,The Secret Fate of All Life,True Detective,S1.E5,2014– ,57m,TV-MA,9.5,(35K)
859,Chapter 14,House of Cards,S2.E1,2013–2018,50m,TV-MA,9.5,(12K)
860,All In,Sandeep Bhaiya,S1.E3,,,,9.5,(5.9K)
861,I Am The Edge,Bleach: Thousand-Year Blood War,S2.E7,2022– ,25m,,9.5,(18K)
862,Too Early To Win Too Late To Know,Bleach: Thousand-Year Blood War,S2.E11,2022– ,25m,,9.5,(9.9K)
863,The Master,Bleach: Thousand-Year Blood War,S2.E12,2022– ,25m,,9.5,(9.4K)
864,Grand Finale,Drag Race France,S2.E9,2022– ,1h 31m,TV-14,9.5,(1K)
865,Believe in Momo - Luffy's Final Powerful Technique!,One Piece,S1.E1074,1999– ,24m,,9.5,(58K)
866,Red Scale,Jujutsu Kaisen,S2.E13,2020– ,24m,,9.5,(16K)
867,The Tale of the Ronin and the Bride,Blue Eye Samurai,S1.E5,2023– ,46m,TV-MA,9.5,(7K)
868,It Went by So Fast,Superman & Lois,S4.E10,2021–2024,42m,TV-PG,9.5,(2.8K)
869,Funeral,Young Sheldon,S7.E13,2017–2024,21m,TV-PG,9.5,(3.9K)
870,The Grand Tour: One for the Road,The Grand Tour,S6.E1,2016– ,2h 10m,,9.5,(7.6K)
871,Sapne Vs Darr,Sapne Vs Everyone,S1.E2,2023– ,,,9.5,(7.6K)
872,Sapne Vs Imaandaari,Sapne Vs Everyone,S1.E3,2023– ,,,9.5,(8.8K)
873,Sapne Vs Kismat,Sapne Vs Everyone,S1.E4,2023– ,,,9.5,(8.6K)
874,The Quarterback,Glee,S5.E3,2009–2015,45m,TV-14,9.5,(3.9K)
875,The Break-Up,Psych,S8.E10,2006–2014,49m,TV-PG,9.5,(2.2K)
876,The Stories We Leave Behind,NCIS,S21.E2,2003– ,,TV-14,9.5,(1.5K)
877,Episode #1.1,Like There's No Tomorrow,S1.E1,,,,9.5,(1.9K)
878,Episode #1.2,Like There's No Tomorrow,S1.E2,,,,9.5,(1.7K)
879,Ex-Degenerate,Cobra Kai,S6.E15,2018–2025,49m,TV-14,9.5,(6.6K)
880,Seven,A Knight of the Seven Kingdoms,S1.E4,2026– ,34m,TV-MA,9.5,(127K)
881,In the Name of the Mother,A Knight of the Seven Kingdoms,S1.E5,2026– ,37m,TV-MA,9.5,(189K)
882,A Mother's Work,Sons of Anarchy,S6.E13,2008–2014,1h 24m,TV-MA,9.5,(6K)
883,The Day,Paradise,S1.E7,2025– ,59m,TV-MA,9.5,(8.6K)
884,"A Chain of Events, Across the Ages",My Hero Academia,S7.E13,2016–2026,24m,,9.5,(4.7K)
885,Snatch Game,Drag Race Philippines,S3.E5,2022– ,1h 16m,TV-14,9.5,(1.8K)
886,Chapter 26,House of Cards,S2.E13,2013–2018,,TV-MA,9.5,(7.7K)
887,From a Cradle to a Grave,The Originals,S1.E22,2013–2018,42m,TV-PG,9.5,(3.5K)
888,The Entrusted Message! King Cobras Resolve!,One Piece,S1.E1119,1999– ,23m,,9.5,(9.3K)
889,A Slippery Slope,Hacks,S4.E9,2021–2026,38m,TV-MA,9.5,(2.2K)
890,Kill the King,Bleach: Thousand-Year Blood War,S3.E2,2022– ,24m,,9.5,(13K)
891,How Your Mother Met Me,How I Met Your Mother,S9.E16,2005–2014,23m,TV-14,9.5,(12K)
892,Against the Judgement,Bleach: Thousand-Year Blood War,S3.E5,2022– ,24m,,9.5,(13K)
893,Regulus Corneas,Re: Zero - Starting Life in Another World,S3.E12,2016– ,,,9.5,(10K)
894,Senshi no Shôsan,Re: Zero - Starting Life in Another World,S3.E13,2016– ,,,9.5,(11K)
895,Blisters and Bedrock,Arcane,S2.E5,2021–2024,42m,TV-14,9.5,(36K)
896,Pretend Like It's the First Time,Arcane,S2.E7,2021–2024,41m,TV-14,9.5,(44K)
897,"Baby, Hold Your Hand 2 (Never Ending My Dream)",Bleach: Thousand-Year Blood War,S3.E10,2022– ,25m,,9.5,(11K)
898,Shadows Gone,Bleach: Thousand-Year Blood War,S3.E11,2022– ,25m,,9.5,(10K)
899,Friend,Bleach: Thousand-Year Blood War,S3.E12,2022– ,26m,,9.5,(10K)
900,Charge × and × Invade,Hunter X Hunter,S1.E111,2011–2014,23m,TV-14,9.5,(5.9K)
901,Revenge × and × Recovery,Hunter X Hunter,S1.E116,2011–2014,23m,TV-14,9.5,(6K)
902,Don't Look Down on My Guys,Solo Leveling,S2.E6,2024– ,24m,,9.5,(20K)
903,Uragiri,Dragon Ball Daima,S1.E19,2024–2025,23m,,9.5,(18K)
904,Comrades,Orb: On the Movements of the Earth,S1.E23,2024–2025,,,9.5,(1.6K)
905,It's Going to Get Even More Intense,Solo Leveling,S2.E11,2024– ,24m,,9.5,(19K)
906,A Roller Coaster,Blue Box,S1.E24,2024– ,,,9.5,(1.2K)
907,Escape from the Citadel,Adventure Time,S6.E2,2010–2018,10m,TV-PG,9.5,(2.4K)
908,Sweet Like Honey,Top Form,S1.E4,,,,9.5,(2.4K)
909,And Justice for All...,Dexter: Resurrection,S1.E10,2025– ,51m,TV-MA,9.5,(47K)
910,Cats and Mouse,Dexter: Resurrection,S1.E6,2025– ,56m,TV-MA,9.5,(38K)
911,Course Correction,Dexter: Resurrection,S1.E7,2025– ,53m,TV-MA,9.5,(38K)
912,A Clash of Two Men's Determination! Kizaru and Sentomaru,One Piece,S1.E1125,1999– ,,,9.5,(8.7K)
913,Episode #1.8,The Savage,S1.E8,2025– ,45m,,9.5,(2.3K)
914,The Commoner,To Be Hero X,S1.E4,,,,9.5,(3.4K)
915,Episode #2.6,Peaky Blinders,S2.E6,2013–2022,59m,TV-MA,9.5,(19K)
916,Episode #1.3,Legend of Zang Hai,S1.E3,,,,9.5,(5.3K)
917,Episode #1.4,Legend of Zang Hai,S1.E4,,,,9.5,(5.1K)
918,2016-nen no kimi e,Takopi's Original Sin,S1.E1,,37m,,9.5,(13K)
919,Episode #1.6,Legend of Zang Hai,S1.E6,,,,9.5,(4.8K)
920,Episode #1.7,Legend of Zang Hai,S1.E7,,,,9.5,(5.4K)
921,Episode #1.8,Legend of Zang Hai,S1.E8,,,,9.5,(4.9K)
922,Episode #1.15,Legend of Zang Hai,S1.E15,,,,9.5,(4.3K)
923,Episode #1.16,Legend of Zang Hai,S1.E16,,,,9.5,(4.3K)
924,Episode #1.18,Legend of Zang Hai,S1.E18,,,,9.5,(4.4K)
925,Episode #1.20,Legend of Zang Hai,S1.E20,,,,9.5,(4.2K)
926,Episode #1.21,Legend of Zang Hai,S1.E21,,,,9.5,(4.1K)
927,Episode #1.1,Son Pari,S1.E1,2000–2006,,,9.5,(1.3K)
928,Episode #1.28,Legend of Zang Hai,S1.E28,,,,9.5,(2.6K)
929,Waterloo,Mad Men,S7.E7,2007–2015,45m,TV-14,9.5,(4.6K)
930,One Last Ride,Parks and Recreation,S7.E12,2009–2015,,TV-PG,9.5,(5.8K)
931,Party,Lord of Mysteries,S1.E9,2025– ,34m,,9.5,(6K)
932,Takopî no kyûsai,Takopi's Original Sin,S1.E2,,21m,,9.5,(9.4K)
933,Leslie and Ron,Parks and Recreation,S7.E4,2009–2015,22m,TV-PG,9.5,(5K)
934,A Fixer of Sorts,Banshee,S3.E3,2013–2016,58m,TV-MA,9.5,(6K)
935,Tribal,Banshee,S3.E5,2013–2016,52m,TV-MA,9.5,(5.2K)
936,Dumb Starbucks,Nathan for You,S2.E5,2013–2017,21m,TV-14,9.5,(1.7K)
937,hjsakldfhl,The Amazing Digital Circus,S1.E8,2023–2026,32m,TV-14,9.5,(5.1K)
938,Suits of Woe,Sons of Anarchy,S7.E11,2008–2014,1h 12m,TV-MA,9.5,(5.2K)
939,Chapter 9: Strange Allies,Star Wars: Maul - Shadow Lord,S1.E9,2026– ,23m,TV-PG,9.5,(7.4K)
940,Dragonfly in Amber,Outlander,S2.E13,2014–2026,1h 30m,TV-MA,9.5,(6.2K)
941,The Climb,Arrow,S3.E9,2012–2020,42m,TV-14,9.5,(13K)
942,There's Something Else Going On,Homeland,S4.E9,2011–2020,48m,TV-MA,9.5,(6.9K)
943,Luffy Kyougaku: Ace no Ishi o Tsugu Otoko,One Piece,S1.E663,1999– ,23m,TV-14,9.5,(4.9K)
944,"OVA: No Regrets, Part 2",Attack on Titan,Episode,2013–2023,30m,,9.5,(16K)
945,The Job,The Amazing World of Gumball,S2.E8,2011–2019,11m,TV-PG,9.5,(2.7K)
946,Fast Enough,The Flash,S1.E23,2014–2023,44m,TV-PG,9.5,(14K)
947,"On a Moonless Night, Insects Are Drawn to the Light",Gintama,S1.E61,2005–2021,24m,TV-14,9.5,(1.6K)
948,Julius Juukulius,Re: Zero - Starting Life in Another World,S4.E6,2016– ,,,9.5,(25K)
949,Tatta Hitotsu no Mahou,Wistoria: Wand and Sword,S2.E3,2024– ,,,9.5,(2.1K)
950,The Real Thomas,Regular Show,S6.E8,2010–2017,23m,TV-PG,9.5,(3.8K)
951,Onshû no Hate ni,Classroom of the Elite,S4.E12,2017– ,,,9.5,(1.6K)
952,Episode #3.6,Peaky Blinders,S3.E6,2013–2022,57m,TV-MA,9.5,(17K)
953,Bölüm 89,Beyaz Show,Episode,1996–2018,,,9.5,(8.2K)
954,XXVIII.,Black Sails,S3.E10,2014–2017,49m,TV-MA,9.5,(3.8K)
955,Connection Lost,Modern Family,S6.E16,2009–2020,22m,TV-PG,9.5,(9.9K)
956,Requiem,Banshee,S4.E8,2013–2016,59m,TV-MA,9.5,(5.3K)
957,The Gang Goes to a Water Park,It's Always Sunny in Philadelphia,S12.E2,2005– ,20m,TV-MA,9.5,(6.7K)
958,I Live Here Now,The Leftovers,S2.E10,2014–2017,1h 13m,TV-MA,9.5,(11K)
959,Brilliant Century Duck Crisis Special,Regular Show,S6.E26,2010–2017,23m,TV-PG,9.5,(3.8K)
960,.exe,Person of Interest,S5.E12,2011–2016,44m,TV-14,9.5,(4.8K)
961,"The Miasma of the Void, Vanilla Ice, Part 2",JoJo's Bizarre Adventure,S2.E43,2012– ,23m,TV-14,9.5,(4K)
962,Part 16,Twin Peaks,S1.E16,,57m,TV-MA,9.5,(7.4K)
963,Total Rickall,Rick and Morty,S2.E4,2013– ,22m,TV-14,9.5,(25K)
964,The Bloody Crown,The Originals,S3.E22,2013–2018,42m,TV-14,9.5,(2.4K)
965,Breach,Line of Duty,S3.E6,2012– ,1h 28m,TV-14,9.5,(3.2K)
966,What Did We Do?,How to Get Away with Murder,S2.E9,2014–2020,43m,TV-14,9.5,(3.8K)
967,Weirdmageddon Part 1,Gravity Falls,S2.E18,2012–2016,23m,TV-Y7,9.5,(5.8K)
968,Tick Tock,Suits,S5.E15,2011–2019,43m,TV-14,9.5,(5.1K)
969,Kuuchuu Kessen: Zoro Shin Hissastsu Ougi Sakuretsu!,One Piece,S1.E719,1999– ,24m,TV-14,9.5,(4.8K)
970,The Strongest Hero,One Punch Man,S1.E12,2015– ,24m,TV-14,9.5,(13K)
971,The Book of Nora,The Leftovers,S3.E8,2014–2017,1h 12m,TV-MA,9.5,(11K)
972,Shoguns of Light and Shadow,Gintama,S4.E35,2005–2021,24m,TV-14,9.5,(1.7K)
973,Unsetting Moon,Gintama,S3.E9,2005–2021,24m,TV-14,9.5,(1.2K)
974,Ten o Utsu: Luffy Ikari no King Kong Gun,One Piece,S1.E733,1999– ,,TV-14,9.5,(4.2K)
975,The Origins Part 1,The Amazing World of Gumball,S4.E20,2011–2019,11m,TV-PG,9.5,(2K)
976,The Origins Part 2,The Amazing World of Gumball,S4.E21,2011–2019,11m,TV-PG,9.5,(2K)
977,Important Things Are Hard to See,Gintama,S1.E104,2005–2021,24m,TV-14,9.5,(1.2K)
978,The Hall of Egress,Adventure Time,S7.E24,2010–2018,11m,TV-PG,9.5,(2.2K)
979,An Observation Journal Should Be Seen Through to the Very End,Gintama,S1.E188,2005–2021,24m,TV-14,9.5,(1.3K)
980,Heroes Always Arrive Fashionably Late,Gintama,S4.E44,2005–2021,24m,TV-14,9.5,(1.5K)
981,"Those Who Stand on Four Legs Are Beasts. Those Who Stand on Two Legs, Guts, and Glory Are Men",Gintama,S1.E143,2005–2021,24m,TV-14,9.5,(1.1K)
982,Home,The Punisher,S1.E12,2017–2019,51m,TV-MA,9.5,(14K)
983,Mr. Greg,Steven Universe,S3.E8,2013–2019,11m,TV-PG,9.5,(2.2K)
984,Character and Fitness,Suits,S6.E16,2011–2019,44m,TV-14,9.5,(6.1K)
985,The Trial,Steven Universe,S5.E2,2013–2019,11m,TV-PG,9.5,(1.5K)
986,The Copycats,The Amazing World of Gumball,S5.E12,2011–2019,11m,TV-PG,9.5,(2.4K)
987,"Yoshikage Kira Just Wants to Live Quietly, Part 2",JoJo's Bizarre Adventure,S3.E22,2012– ,23m,TV-14,9.5,(3.4K)
988,The Rerun,The Amazing World of Gumball,S5.E1,2011–2019,11m,TV-PG,9.5,(3.2K)
989,Saigo no tatakai,Naruto: Shippuden,S1.E476,2007–2017,23m,,9.5,(4.8K)
990,"Sheer Heart Attack, Part 2",JoJo's Bizarre Adventure,S3.E24,2012– ,23m,TV-14,9.5,(4K)
991,Naruto to Sasuke,Naruto: Shippuden,S1.E477,2007–2017,23m,TV-14,9.5,(7.9K)
992,Memphis,This Is Us,S1.E16,2016–2022,43m,TV-14,9.5,(5.6K)
993,No Train No Gain,Regular Show,S8.E22,2010–2017,11m,TV-PG,9.5,(3.6K)
994,Episode #1.1,Brave and Beautiful,S1.E1,2016–2017,,,9.5,(1.8K)
995,The Perfect Pear,My Little Pony: Friendship Is Magic,S7.E13,2010–2019,22m,TV-Y,9.5,(1.2K)
996,Episode #1.2,Brave and Beautiful,S1.E2,2016–2017,,,9.5,(1.7K)
997,Amarsi Un Pò,Master of None,S2.E9,2015–2021,57m,TV-MA,9.5,(3.1K)
998,"Crazy Diamond Is Unbreakable, Part 2",JoJo's Bizarre Adventure,S3.E38,2012– ,23m,TV-14,9.5,(3.4K)
999,Islands Part 8: The Light Cloud,Adventure Time,S8.E27,2010–2018,11m,,9.5,(1.8K)
1000,Cheer Up Pops,Regular Show,S8.E26,2010–2017,11m,TV-PG,9.5,(3.8K)
